t_sec,q,w,o,p
0.00000,0,0,0,0
0.01667,0,0,0,0
0.03333,0,0,0,0
0.05000,0,0,0,0
0.06667,0,0,0,0
0.08333,0,0,0,0
0.10000,0,0,0,0
0.11667,0,0,0,0
0.13333,0,0,0,0
0.15000,0,0,0,0
0.16667,0,0,0,0
0.18333,0,0,0,0
0.20000,0,0,0,0
0.21667,0,0,0,0
0.23333,0,0,0,0
0.25000,0,0,0,0
0.26667,0,0,0,0
0.28333,0,0,0,0
0.30000,0,0,0,0
0.31667,0,0,0,0
0.33333,0,0,0,0
0.35000,0,0,0,0
0.36667,0,0,0,0
0.38333,0,0,0,0
0.40000,0,0,0,0
0.41667,0,0,0,0
0.43333,0,0,0,0
0.45000,0,0,0,0
0.46667,0,0,0,0
0.48333,0,0,0,0
0.50000,0,0,0,0
0.51667,0,0,0,0
0.53333,0,0,0,0
0.55000,0,0,0,0
0.56667,0,0,0,0
0.58333,0,0,0,0
0.60000,0,0,0,0
0.61667,0,0,0,0
0.63333,0,0,0,0
0.65000,0,0,0,0
0.66667,0,0,0,0
0.68333,0,0,0,0
0.70000,0,0,0,0
0.71667,0,0,0,0
0.73333,0,0,0,0
0.75000,0,0,0,0
0.76667,0,0,0,0
0.78333,0,0,0,0
0.80000,0,0,0,0
0.81667,0,0,0,0
0.83333,0,0,0,0
0.85000,0,0,0,0
0.86667,0,0,0,0
0.88333,0,0,0,0
0.90000,0,0,0,0
0.91667,0,0,0,0
0.93333,0,0,0,0
0.95000,0,0,0,0
0.96667,0,0,0,0
0.98333,0,0,0,0
1.00000,0,0,0,0
1.01667,0,0,0,0
1.03333,0,0,0,0
1.05000,0,0,0,0
1.06667,0,0,0,0
1.08333,0,0,0,0
1.10000,0,0,0,0
1.11667,0,0,0,0
1.13333,0,0,0,0
1.15000,0,0,0,0
1.16667,0,0,0,0
1.18333,0,0,0,0
1.20000,0,0,0,0
1.21667,0,0,0,0
1.23333,0,0,0,0
1.25000,0,0,0,0
1.26667,0,0,0,0
1.28333,0,0,0,0
1.30000,0,0,0,0
1.31667,0,0,0,0
1.33333,0,0,0,0
1.35000,0,0,0,0
1.36667,0,0,0,0
1.38333,0,0,0,0
1.40000,0,0,0,0
1.41667,0,0,0,0
1.43333,0,0,0,0
1.45000,0,0,0,0
1.46667,0,0,0,0
1.48333,0,0,0,0
1.50000,0,0,0,0
1.51667,0,0,0,0
1.53333,0,0,0,0
1.55000,0,0,0,0
1.56667,0,0,0,0
1.58333,0,0,0,0
1.60000,0,0,0,0
1.61667,0,0,0,0
1.63333,0,0,0,0
1.65000,0,0,0,0
1.66667,0,0,0,0
1.68333,0,0,0,0
1.70000,0,0,0,0
1.71667,0,0,0,0
1.73333,0,0,0,0
1.75000,0,0,0,0
1.76667,0,0,0,0
1.78333,0,0,0,0
1.80000,0,0,0,0
1.81667,0,0,0,0
1.83333,0,0,0,0
1.85000,0,0,0,0
1.86667,0,0,0,0
1.88333,0,0,0,0
1.90000,0,0,0,0
1.91667,0,0,0,0
1.93333,0,0,0,0
1.95000,0,0,0,0
1.96667,0,0,0,0
1.98333,0,0,0,0
2.00000,0,0,0,0
2.01667,0,0,1,0
2.03333,0,0,1,0
2.05000,0,1,1,0
2.06667,0,1,1,0
2.08333,0,1,1,0
2.10000,0,1,1,0
2.11667,0,1,1,0
2.13333,0,1,1,0
2.15000,0,1,1,0
2.16667,0,1,1,0
2.18333,0,1,1,0
2.20000,0,1,1,0
2.21667,0,1,1,0
2.23333,0,1,1,0
2.25000,0,1,1,0
2.26667,0,1,1,0
2.28333,0,1,1,0
2.30000,0,1,1,0
2.31667,0,1,1,0
2.33333,0,1,1,0
2.35000,0,1,0,0
2.36667,0,1,0,0
2.38333,0,1,0,0
2.40000,0,1,0,0
2.41667,0,0,0,0
2.43333,0,0,0,0
2.45000,0,0,0,0
2.46667,0,0,0,0
2.48333,0,0,0,0
2.50000,0,0,0,0
2.51667,0,0,0,0
2.53333,0,0,0,0
2.55000,0,0,0,0
2.56667,0,0,0,0
2.58333,0,0,0,0
2.60000,0,0,0,0
2.61667,0,0,0,0
2.63333,0,0,0,0
2.65000,0,0,0,0
2.66667,0,0,0,0
2.68333,0,0,0,0
2.70000,0,0,0,0
2.71667,0,0,0,0
2.73333,0,0,0,0
2.75000,0,0,0,0
2.76667,0,0,0,0
2.78333,0,0,0,0
2.80000,0,0,0,0
2.81667,1,0,0,0
2.83333,1,0,0,0
2.85000,1,0,0,0
2.86667,1,0,0,0
2.88333,1,0,0,0
2.90000,1,0,0,0
2.91667,1,0,0,1
2.93333,1,0,0,1
2.95000,1,0,0,1
2.96667,1,0,0,1
2.98333,1,0,0,1
3.00000,1,0,0,1
3.01667,1,0,0,1
3.03333,1,0,0,1
3.05000,1,0,0,1
3.06667,1,0,0,1
3.08333,1,0,0,1
3.10000,1,0,0,1
3.11667,1,0,0,1
3.13333,1,0,0,1
3.15000,1,0,0,1
3.16667,1,0,0,1
3.18333,1,0,0,1
3.20000,1,0,0,1
3.21667,1,0,0,1
3.23333,1,0,0,1
3.25000,1,0,0,1
3.26667,1,0,0,1
3.28333,1,0,0,1
3.30000,1,0,0,1
3.31667,1,0,0,0
3.33333,1,0,0,0
3.35000,1,0,0,0
3.36667,1,0,0,0
3.38333,0,0,0,0
3.40000,0,0,0,0
3.41667,0,0,0,0
3.43333,0,0,0,0
3.45000,0,0,0,0
3.46667,0,0,0,0
3.48333,0,0,0,0
3.50000,0,0,0,0
3.51667,0,0,0,0
3.53333,0,0,0,0
3.55000,0,0,0,0
3.56667,0,0,0,0
3.58333,0,0,0,0
3.60000,0,0,0,0
3.61667,0,1,0,0
3.63333,0,1,0,0
3.65000,0,1,0,0
3.66667,0,1,0,0
3.68333,0,1,1,0
3.70000,0,1,1,0
3.71667,0,1,1,0
3.73333,0,1,1,0
3.75000,0,1,1,0
3.76667,0,1,1,0
3.78333,0,1,1,0
3.80000,0,1,1,0
3.81667,0,1,1,0
3.83333,0,1,1,0
3.85000,0,1,1,0
3.86667,0,1,1,0
3.88333,0,1,1,0
3.90000,0,1,1,0
3.91667,0,1,1,0
3.93333,0,1,1,0
3.95000,0,1,1,0
3.96667,0,1,1,0
3.98333,0,1,1,0
4.00000,0,1,1,0
4.01667,0,1,1,0
4.03333,0,1,1,0
4.05000,0,1,0,0
4.06667,0,1,0,0
4.08333,0,1,0,0
4.10000,0,1,0,0
4.11667,0,1,0,0
4.13333,0,1,0,0
4.15000,0,1,0,0
4.16667,0,1,0,0
4.18333,0,1,0,0
4.20000,0,1,0,0
4.21667,0,1,0,0
4.23333,0,1,0,0
4.25000,0,1,0,0
4.26667,0,1,0,0
4.28333,0,1,0,0
4.30000,0,1,0,0
4.31667,0,0,0,0
4.33333,0,0,0,0
4.35000,0,0,0,0
4.36667,0,0,0,0
4.38333,0,0,0,0
4.40000,0,0,0,0
4.41667,0,0,0,0
4.43333,0,0,0,0
4.45000,0,0,0,0
4.46667,0,0,0,0
4.48333,0,0,0,0
4.50000,0,0,0,0
4.51667,0,0,0,0
4.53333,0,0,0,0
4.55000,0,0,0,0
4.56667,0,0,0,0
4.58333,0,0,0,0
4.60000,0,0,0,0
4.61667,0,0,0,0
4.63333,0,0,0,0
4.65000,0,0,0,0
4.66667,0,0,0,0
4.68333,0,0,0,0
4.70000,0,0,0,0
4.71667,1,0,0,0
4.73333,1,0,0,0
4.75000,1,0,0,1
4.76667,1,0,0,1
4.78333,1,0,0,1
4.80000,1,0,0,1
4.81667,1,0,0,1
4.83333,1,0,0,1
4.85000,1,0,0,0
4.86667,1,0,0,0
4.88333,1,0,0,0
4.90000,1,0,0,0
4.91667,1,0,0,0
4.93333,1,0,0,0
4.95000,1,0,0,0
4.96667,1,0,0,0
4.98333,1,0,0,0
5.00000,1,0,0,0
5.01667,1,0,0,0
5.03333,1,0,0,0
5.05000,1,0,0,0
5.06667,1,0,0,0
5.08333,1,0,0,0
5.10000,1,0,0,0
5.11667,1,0,0,0
5.13333,1,0,0,0
5.15000,1,0,0,0
5.16667,1,0,0,0
5.18333,1,0,0,0
5.20000,1,0,0,0
5.21667,1,0,0,0
5.23333,1,0,0,0
5.25000,1,0,0,0
5.26667,1,0,0,0
5.28333,1,0,0,0
5.30000,1,0,0,0
5.31667,1,0,0,0
5.33333,1,0,0,0
5.35000,1,0,0,0
5.36667,1,0,0,0
5.38333,1,0,0,1
5.40000,1,0,0,1
5.41667,1,0,0,1
5.43333,1,0,0,1
5.45000,1,0,0,1
5.46667,1,0,0,1
5.48333,1,0,0,1
5.50000,1,0,0,1
5.51667,0,0,0,1
5.53333,0,0,0,1
5.55000,0,0,0,1
5.56667,0,0,0,1
5.58333,0,0,0,0
5.60000,0,0,0,0
5.61667,0,0,0,0
5.63333,0,0,0,0
5.65000,0,0,0,0
5.66667,0,0,0,0
5.68333,0,0,0,0
5.70000,0,0,0,0
5.71667,0,0,0,0
5.73333,0,0,0,0
5.75000,0,0,0,0
5.76667,0,0,0,0
5.78333,0,0,0,0
5.80000,0,0,0,0
5.81667,0,0,0,0
5.83333,0,0,0,0
5.85000,0,1,0,0
5.86667,0,1,0,0
5.88333,0,1,0,0
5.90000,0,1,0,0
5.91667,0,1,0,0
5.93333,0,1,0,0
5.95000,0,1,0,0
5.96667,0,1,0,0
5.98333,0,1,0,0
6.00000,0,1,0,0
6.01667,0,1,0,0
6.03333,0,1,0,0
6.05000,0,1,0,0
6.06667,0,1,0,0
6.08333,0,1,0,1
6.10000,0,1,0,1
6.11667,0,1,0,1
6.13333,0,1,0,1
6.15000,0,1,0,1
6.16667,0,1,0,1
6.18333,0,1,0,1
6.20000,0,1,0,1
6.21667,0,1,0,1
6.23333,0,1,0,1
6.25000,0,1,0,1
6.26667,0,1,0,1
6.28333,0,1,0,1
6.30000,0,1,0,1
6.31667,0,1,0,0
6.33333,0,1,0,0
6.35000,0,1,0,0
6.36667,0,1,0,0
6.38333,0,1,0,0
6.40000,0,1,0,0
6.41667,0,1,0,0
6.43333,0,1,0,0
6.45000,0,1,0,0
6.46667,0,1,0,0
6.48333,0,1,0,0
6.50000,0,1,0,0
6.51667,0,1,0,0
6.53333,0,1,0,0
6.55000,0,1,1,0
6.56667,0,1,1,0
6.58333,0,1,1,0
6.60000,0,1,1,0
6.61667,0,1,1,0
6.63333,0,1,1,0
6.65000,0,1,1,0
6.66667,0,1,1,0
6.68333,0,1,1,0
6.70000,0,1,1,0
6.71667,0,1,1,0
6.73333,0,1,1,0
6.75000,0,1,1,0
6.76667,0,1,1,0
6.78333,0,1,1,0
6.80000,0,1,1,0
6.81667,0,0,1,0
6.83333,0,0,1,0
6.85000,0,0,1,0
6.86667,0,0,1,0
6.88333,0,0,0,0
6.90000,0,0,0,0
6.91667,0,0,0,0
6.93333,0,0,0,0
6.95000,0,0,0,0
6.96667,0,0,0,0
6.98333,0,0,0,0
7.00000,0,0,0,0
7.01667,0,0,0,0
7.03333,0,0,0,0
7.05000,0,0,0,0
7.06667,0,0,0,0
7.08333,0,0,0,0
7.10000,0,0,0,0
7.11667,0,0,0,0
7.13333,0,0,0,0
7.15000,0,0,0,0
7.16667,0,0,0,0
7.18333,1,0,0,0
7.20000,1,0,0,0
7.21667,1,0,0,1
7.23333,1,0,0,1
7.25000,1,0,0,1
7.26667,1,0,0,1
7.28333,1,0,0,0
7.30000,1,0,0,0
7.31667,1,0,0,0
7.33333,1,0,0,0
7.35000,1,0,0,0
7.36667,1,0,0,0
7.38333,1,0,0,0
7.40000,1,0,0,0
7.41667,1,0,0,0
7.43333,1,0,0,0
7.45000,1,0,0,0
7.46667,1,0,0,0
7.48333,1,0,0,0
7.50000,1,0,0,0
7.51667,1,0,0,0
7.53333,1,0,0,0
7.55000,1,0,0,0
7.56667,1,0,0,0
7.58333,1,0,0,0
7.60000,1,0,0,0
7.61667,1,0,0,0
7.63333,1,0,0,0
7.65000,1,0,0,0
7.66667,1,0,0,0
7.68333,1,0,0,0
7.70000,1,0,0,0
7.71667,1,0,0,0
7.73333,1,0,0,0
7.75000,1,0,0,0
7.76667,1,0,0,0
7.78333,1,0,0,0
7.80000,1,0,0,0
7.81667,1,0,0,1
7.83333,1,0,0,1
7.85000,1,0,0,1
7.86667,1,0,0,1
7.88333,1,0,0,1
7.90000,1,0,0,1
7.91667,1,0,0,1
7.93333,1,0,0,1
7.95000,1,0,0,0
7.96667,1,0,0,0
7.98333,1,1,0,0
8.00000,1,1,0,0
8.01667,1,1,0,0
8.03333,1,1,0,0
8.05000,0,1,0,0
8.06667,0,1,0,0
8.08333,0,1,0,0
8.10000,0,1,0,0
8.11667,0,1,0,0
8.13333,0,1,0,0
8.15000,0,1,1,0
8.16667,0,1,1,0
8.18333,0,1,1,0
8.20000,0,1,1,0
8.21667,0,1,1,0
8.23333,0,1,1,0
8.25000,0,1,0,0
8.26667,0,1,0,0
8.28333,0,1,0,0
8.30000,0,1,0,0
8.31667,0,0,0,0
8.33333,0,0,0,0
8.35000,0,0,0,0
8.36667,0,0,0,0
8.38333,0,0,0,0
8.40000,0,0,0,0
8.41667,0,1,0,0
8.43333,0,1,0,0
8.45000,0,1,0,0
8.46667,0,1,0,0
8.48333,0,1,0,0
8.50000,0,1,0,0
8.51667,0,1,0,0
8.53333,0,1,0,0
8.55000,0,1,0,0
8.56667,0,1,0,0
8.58333,0,1,0,0
8.60000,0,1,0,0
8.61667,0,1,0,0
8.63333,0,1,0,0
8.65000,0,1,0,0
8.66667,0,1,0,0
8.68333,0,1,0,0
8.70000,0,1,0,0
8.71667,0,1,0,0
8.73333,0,1,0,0
8.75000,0,1,0,0
8.76667,0,1,0,0
8.78333,0,1,0,0
8.80000,0,1,0,0
8.81667,0,1,0,0
8.83333,0,1,0,0
8.85000,0,1,0,0
8.86667,0,1,0,0
8.88333,0,1,0,0
8.90000,0,1,0,0
8.91667,0,1,0,0
8.93333,0,1,0,0
8.95000,0,1,0,0
8.96667,0,1,0,0
8.98333,0,1,0,0
9.00000,0,1,0,0
9.01667,1,1,0,0
9.03333,1,1,0,0
9.05000,1,1,0,1
9.06667,1,1,0,1
9.08333,1,1,0,1
9.10000,1,1,0,1
9.11667,1,0,0,1
9.13333,1,0,0,1
9.15000,1,0,0,0
9.16667,1,0,0,0
9.18333,0,0,0,0
9.20000,0,0,0,0
9.21667,0,0,0,0
9.23333,0,0,0,0
9.25000,0,0,0,0
9.26667,0,0,0,0
9.28333,0,0,0,0
9.30000,0,0,0,0
9.31667,0,0,0,0
9.33333,0,0,0,0
9.35000,0,0,0,0
9.36667,0,0,0,0
9.38333,0,0,0,0
9.40000,0,0,0,0
9.41667,1,0,0,0
9.43333,1,0,0,0
9.45000,1,0,0,0
9.46667,1,0,0,0
9.48333,1,0,0,0
9.50000,1,0,0,0
9.51667,1,0,1,0
9.53333,1,0,1,0
9.55000,1,0,1,0
9.56667,1,0,1,0
9.58333,1,0,1,0
9.60000,1,0,1,0
9.61667,1,0,1,0
9.63333,1,0,1,0
9.65000,1,0,1,0
9.66667,1,0,1,0
9.68333,1,0,1,0
9.70000,1,0,1,0
9.71667,1,0,1,0
9.73333,1,0,1,0
9.75000,1,0,1,0
9.76667,1,0,1,0
9.78333,1,0,1,0
9.80000,1,0,1,0
9.81667,1,0,1,0
9.83333,1,0,1,0
9.85000,1,0,0,0
9.86667,1,0,0,0
9.88333,1,0,0,0
9.90000,1,0,0,0
9.91667,1,0,0,0
9.93333,1,0,0,0
9.95000,1,0,0,0
9.96667,1,0,0,0
9.98333,1,0,0,0
10.00000,1,0,0,0
10.01667,1,0,0,1
10.03333,1,0,0,1
10.05000,1,0,0,1
10.06667,1,0,0,1
10.08333,1,0,0,1
10.10000,1,0,0,1
10.11667,1,0,0,0
10.13333,1,0,0,0
10.15000,0,0,0,0
10.16667,0,0,0,0
10.18333,0,0,0,0
10.20000,0,0,0,0
10.21667,0,0,0,0
10.23333,0,0,0,0
10.25000,0,1,0,0
10.26667,0,1,0,0
10.28333,0,1,0,0
10.30000,0,1,0,0
10.31667,0,1,0,0
10.33333,0,1,0,0
10.35000,0,1,0,0
10.36667,0,1,0,0
10.38333,0,1,0,0
10.40000,0,1,0,0
10.41667,0,1,0,0
10.43333,0,1,0,0
10.45000,0,1,0,0
10.46667,0,1,0,0
10.48333,0,1,0,0
10.50000,0,1,0,0
10.51667,0,1,0,0
10.53333,0,1,0,0
10.55000,0,1,0,0
10.56667,0,1,0,0
10.58333,0,1,0,0
10.60000,0,1,0,0
10.61667,0,1,0,1
10.63333,0,1,0,1
10.65000,0,1,0,1
10.66667,0,1,0,1
10.68333,0,1,0,1
10.70000,0,1,0,1
10.71667,0,1,0,1
10.73333,0,1,0,1
10.75000,0,1,0,1
10.76667,0,1,0,1
10.78333,0,1,0,1
10.80000,0,1,0,1
10.81667,0,1,0,1
10.83333,0,1,0,1
10.85000,0,1,0,1
10.86667,0,1,0,1
10.88333,0,1,0,1
10.90000,0,1,0,1
10.91667,0,1,0,0
10.93333,0,1,0,0
10.95000,0,1,0,0
10.96667,0,1,0,0
10.98333,0,1,0,0
11.00000,0,1,0,0
11.01667,0,1,0,0
11.03333,0,1,0,0
11.05000,0,1,0,0
11.06667,0,1,0,0
11.08333,0,1,0,0
11.10000,0,1,0,0
11.11667,0,1,1,0
11.13333,0,1,1,0
11.15000,0,1,1,0
11.16667,0,1,1,0
11.18333,1,1,1,0
11.20000,1,1,1,0
11.21667,1,1,1,0
11.23333,1,1,1,0
11.25000,1,0,0,1
11.26667,1,0,0,1
11.28333,1,0,0,1
11.30000,1,0,0,1
11.31667,0,0,0,0
11.33333,0,0,0,0
11.35000,0,0,0,0
11.36667,0,0,0,0
11.38333,0,0,0,0
11.40000,0,0,0,0
11.41667,0,0,0,0
11.43333,0,0,0,0
11.45000,0,0,0,0
11.46667,0,0,0,0
11.48333,0,0,0,0
11.50000,0,0,0,0
11.51667,0,0,0,0
11.53333,0,0,0,0
11.55000,0,0,0,0
11.56667,0,0,0,0
11.58333,1,0,0,0
11.60000,1,0,0,0
11.61667,1,0,0,0
11.63333,1,0,0,0
11.65000,1,0,1,0
11.66667,1,0,1,0
11.68333,1,0,1,0
11.70000,1,0,1,0
11.71667,1,0,1,0
11.73333,1,0,1,0
11.75000,1,0,1,0
11.76667,1,0,1,0
11.78333,1,0,1,0
11.80000,1,0,1,0
11.81667,1,0,1,0
11.83333,1,0,1,0
11.85000,1,0,1,0
11.86667,1,0,1,0
11.88333,1,0,1,0
11.90000,1,0,1,0
11.91667,1,0,1,0
11.93333,1,0,1,0
11.95000,1,0,1,0
11.96667,1,0,1,0
11.98333,1,0,1,0
12.00000,1,0,1,0
12.01667,1,0,1,0
12.03333,1,0,1,0
12.05000,1,0,1,0
12.06667,1,0,1,0
12.08333,1,0,1,0
12.10000,1,0,1,0
12.11667,1,0,0,0
12.13333,1,0,0,0
12.15000,1,0,0,0
12.16667,1,0,0,0
12.18333,1,0,0,0
12.20000,1,0,0,0
12.21667,1,0,0,0
12.23333,1,0,0,0
12.25000,1,0,0,1
12.26667,1,0,0,1
12.28333,1,0,0,1
12.30000,1,0,0,1
12.31667,1,0,0,1
12.33333,1,0,0,1
12.35000,1,0,0,1
12.36667,1,0,0,1
12.38333,1,0,0,1
12.40000,1,0,0,1
12.41667,0,1,0,1
12.43333,0,1,0,1
12.45000,0,1,0,1
12.46667,0,1,0,1
12.48333,0,1,0,1
12.50000,0,1,0,1
12.51667,0,1,0,1
12.53333,0,1,0,1
12.55000,0,1,0,1
12.56667,0,1,0,1
12.58333,0,1,0,1
12.60000,0,1,0,1
12.61667,0,1,0,1
12.63333,0,1,0,1
12.65000,0,1,0,1
12.66667,0,1,0,1
12.68333,0,1,0,1
12.70000,0,1,0,1
12.71667,0,1,0,1
12.73333,0,1,0,1
12.75000,0,1,0,1
12.76667,0,1,0,1
12.78333,0,1,0,1
12.80000,0,1,0,1
12.81667,0,1,0,1
12.83333,0,1,0,1
12.85000,0,1,0,1
12.86667,0,1,0,1
12.88333,0,1,0,1
12.90000,0,1,0,1
12.91667,0,1,0,1
12.93333,0,1,0,1
12.95000,0,1,0,1
12.96667,0,1,0,1
12.98333,0,1,0,1
13.00000,0,1,0,1
13.01667,0,1,0,1
13.03333,0,1,0,1
13.05000,0,1,0,1
13.06667,0,1,0,1
13.08333,0,1,0,1
13.10000,0,1,0,1
13.11667,0,1,0,0
13.13333,0,1,0,0
13.15000,0,1,0,0
13.16667,0,1,0,0
13.18333,0,1,0,0
13.20000,0,1,0,0
13.21667,0,1,0,0
13.23333,0,1,0,0
13.25000,0,1,0,0
13.26667,0,1,0,0
13.28333,0,1,0,0
13.30000,0,1,0,0
13.31667,0,1,0,0
13.33333,0,1,0,0
13.35000,1,1,0,1
13.36667,1,1,0,1
13.38333,1,1,0,1
13.40000,1,1,0,1
13.41667,1,1,0,1
13.43333,1,1,0,1
13.45000,1,0,0,1
13.46667,1,0,0,1
13.48333,1,0,0,0
13.50000,1,0,0,0
13.51667,0,0,0,0
13.53333,0,0,0,0
13.55000,0,0,0,0
13.56667,0,0,0,0
13.58333,0,0,0,0
13.60000,0,0,0,0
13.61667,0,0,0,0
13.63333,0,0,0,0
13.65000,0,0,0,0
13.66667,0,0,0,0
13.68333,0,0,0,0
13.70000,0,0,0,0
13.71667,1,0,0,0
13.73333,1,0,0,0
13.75000,1,0,0,0
13.76667,1,0,0,0
13.78333,1,0,0,0
13.80000,1,0,0,0
13.81667,1,0,0,0
13.83333,1,0,0,0
13.85000,1,0,0,0
13.86667,1,0,0,0
13.88333,1,0,1,0
13.90000,1,0,1,0
13.91667,1,0,1,0
13.93333,1,0,1,0
13.95000,1,0,1,0
13.96667,1,0,1,0
13.98333,1,0,1,0
14.00000,1,0,1,0
14.01667,1,0,1,0
14.03333,1,0,1,0
14.05000,1,0,1,0
14.06667,1,0,1,0
14.08333,1,0,1,0
14.10000,1,0,1,0
14.11667,1,0,1,0
14.13333,1,0,1,0
14.15000,1,0,1,0
14.16667,1,0,1,0
14.18333,1,0,0,0
14.20000,1,0,0,0
14.21667,1,0,0,0
14.23333,1,0,0,0
14.25000,1,0,0,1
14.26667,1,0,0,1
14.28333,1,0,0,1
14.30000,1,0,0,1
14.31667,1,0,0,0
14.33333,1,0,0,0
14.35000,1,0,0,0
14.36667,1,0,0,0
14.38333,1,1,0,0
14.40000,1,1,0,0
14.41667,0,1,0,0
14.43333,0,1,0,0
14.45000,0,1,0,0
14.46667,0,1,0,0
14.48333,0,1,0,0
14.50000,0,1,0,0
14.51667,0,1,0,0
14.53333,0,1,0,0
14.55000,0,1,0,0
14.56667,0,1,0,0
14.58333,0,1,0,0
14.60000,0,1,0,0
14.61667,0,1,0,0
14.63333,0,1,0,0
14.65000,0,1,0,0
14.66667,0,1,0,0
14.68333,0,1,0,0
14.70000,0,1,0,0
14.71667,0,1,1,0
14.73333,0,1,1,0
14.75000,0,1,1,0
14.76667,0,1,1,0
14.78333,0,1,0,0
14.80000,0,1,0,0
14.81667,0,1,0,0
14.83333,0,1,0,0
14.85000,0,1,0,0
14.86667,0,1,0,0
14.88333,0,1,0,1
14.90000,0,1,0,1
14.91667,0,1,0,1
14.93333,0,1,0,1
14.95000,0,1,0,1
14.96667,0,1,0,1
14.98333,0,1,0,1
15.00000,0,1,0,1
15.01667,0,1,0,1
15.03333,0,1,0,1
15.05000,0,1,0,1
15.06667,0,1,0,1
15.08333,0,1,0,1
15.10000,0,1,0,1
15.11667,0,1,0,1
15.13333,0,1,0,1
15.15000,0,1,0,1
15.16667,0,1,0,1
15.18333,0,1,0,1
15.20000,0,1,0,1
15.21667,0,1,0,1
15.23333,0,1,0,1
15.25000,0,1,0,0
15.26667,0,1,0,0
15.28333,0,1,0,0
15.30000,0,1,0,0
15.31667,0,1,0,0
15.33333,0,1,0,0
15.35000,0,1,0,0
15.36667,0,1,0,0
15.38333,0,1,1,0
15.40000,0,1,1,0
15.41667,0,1,1,0
15.43333,0,1,1,0
15.45000,0,1,1,0
15.46667,0,1,1,0
15.48333,1,0,1,0
15.50000,1,0,1,0
15.51667,1,0,1,1
15.53333,1,0,1,1
15.55000,1,0,0,1
15.56667,1,0,0,1
15.58333,1,0,0,1
15.60000,1,0,0,1
15.61667,0,0,0,0
15.63333,0,0,0,0
15.65000,0,0,0,0
15.66667,0,0,0,0
15.68333,0,0,0,0
15.70000,0,0,0,0
15.71667,0,0,0,0
15.73333,0,0,0,0
15.75000,0,0,0,0
15.76667,0,0,0,0
15.78333,0,0,0,0
15.80000,0,0,0,0
15.81667,0,0,0,0
15.83333,0,0,0,0
15.85000,1,0,0,0
15.86667,1,0,0,0
15.88333,1,0,0,0
15.90000,1,0,0,0
15.91667,1,0,0,0
15.93333,1,0,0,0
15.95000,1,0,0,0
15.96667,1,0,0,0
15.98333,1,0,0,0
16.00000,1,0,0,0
16.01667,1,0,1,0
16.03333,1,0,1,0
16.05000,1,0,1,0
16.06667,1,0,1,0
16.08333,1,0,1,0
16.10000,1,0,1,0
16.11667,1,0,1,0
16.13333,1,0,1,0
16.15000,1,0,1,0
16.16667,1,0,1,0
16.18333,1,0,1,0
16.20000,1,0,1,0
16.21667,1,0,1,0
16.23333,1,0,1,0
16.25000,1,0,1,0
16.26667,1,0,1,0
16.28333,1,0,1,0
16.30000,1,0,1,0
16.31667,1,0,0,0
16.33333,1,0,0,0
16.35000,1,0,0,1
16.36667,1,0,0,1
16.38333,1,0,0,1
16.40000,1,0,0,1
16.41667,1,0,0,0
16.43333,1,0,0,0
16.45000,1,0,0,0
16.46667,1,0,0,0
16.48333,1,0,0,0
16.50000,1,0,0,0
16.51667,1,1,0,0
16.53333,1,1,0,0
16.55000,1,1,0,0
16.56667,1,1,0,0
16.58333,0,1,0,0
16.60000,0,1,0,0
16.61667,0,1,0,0
16.63333,0,1,0,0
16.65000,0,1,0,0
16.66667,0,1,0,0
16.68333,0,1,0,0
16.70000,0,1,0,0
16.71667,0,1,0,0
16.73333,0,1,0,0
16.75000,0,1,0,0
16.76667,0,1,0,0
16.78333,0,1,0,0
16.80000,0,1,0,0
16.81667,0,1,0,0
16.83333,0,1,0,0
16.85000,0,1,0,0
16.86667,0,1,0,0
16.88333,0,1,0,0
16.90000,0,1,0,0
16.91667,0,1,1,0
16.93333,0,1,1,0
16.95000,0,1,1,0
16.96667,0,1,1,0
16.98333,0,1,0,0
17.00000,0,1,0,0
17.01667,0,1,0,1
17.03333,0,1,0,1
17.05000,0,1,0,1
17.06667,0,1,0,1
17.08333,0,1,0,1
17.10000,0,1,0,1
17.11667,0,1,0,1
17.13333,0,1,0,1
17.15000,0,1,0,1
17.16667,0,1,0,1
17.18333,0,1,0,1
17.20000,0,1,0,1
17.21667,0,1,0,1
17.23333,0,1,0,1
17.25000,0,1,0,1
17.26667,0,1,0,1
17.28333,0,1,0,1
17.30000,0,1,0,1
17.31667,0,1,0,1
17.33333,0,1,0,1
17.35000,0,1,0,1
17.36667,0,1,0,1
17.38333,0,1,0,0
17.40000,0,1,0,0
17.41667,0,1,0,0
17.43333,0,1,0,0
17.45000,0,1,0,0
17.46667,0,1,0,0
17.48333,0,1,0,0
17.50000,0,1,0,0
17.51667,0,1,1,0
17.53333,0,1,1,0
17.55000,0,1,1,0
17.56667,0,1,1,0
17.58333,1,1,1,0
17.60000,1,1,1,0
17.61667,1,0,1,0
17.63333,1,0,1,0
17.65000,1,0,1,1
17.66667,1,0,1,1
17.68333,1,0,0,1
17.70000,1,0,0,1
17.71667,1,0,0,1
17.73333,1,0,0,1
17.75000,1,0,0,1
17.76667,1,0,0,1
17.78333,1,0,0,0
17.80000,1,0,0,0
17.81667,1,0,0,0
17.83333,1,0,0,0
17.85000,1,0,0,0
17.86667,1,0,0,0
17.88333,1,0,0,0
17.90000,1,0,0,0
17.91667,1,0,0,0
17.93333,1,0,0,0
17.95000,1,0,0,0
17.96667,1,0,0,0
17.98333,1,0,1,0
18.00000,1,0,1,0
18.01667,1,0,1,0
18.03333,1,0,1,0
18.05000,1,0,1,0
18.06667,1,0,1,0
18.08333,1,0,1,0
18.10000,1,0,1,0
18.11667,1,0,1,0
18.13333,1,0,1,0
18.15000,1,0,1,0
18.16667,1,0,1,0
18.18333,1,0,1,0
18.20000,1,0,1,0
18.21667,1,0,1,0
18.23333,1,0,1,0
18.25000,1,0,1,0
18.26667,1,0,1,0
18.28333,1,0,0,0
18.30000,1,0,0,0
18.31667,1,0,0,0
18.33333,1,0,0,0
18.35000,1,0,0,1
18.36667,1,0,0,1
18.38333,1,0,0,1
18.40000,1,0,0,1
18.41667,1,0,0,1
18.43333,1,0,0,1
18.45000,1,0,0,1
18.46667,1,0,0,1
18.48333,1,0,0,1
18.50000,1,0,0,1
18.51667,1,0,0,1
18.53333,1,0,0,1
18.55000,0,0,0,1
18.56667,0,0,0,1
18.58333,0,0,0,1
18.60000,0,0,0,1
18.61667,0,0,0,1
18.63333,0,0,0,1
18.65000,0,1,0,1
18.66667,0,1,0,1
18.68333,0,1,0,1
18.70000,0,1,0,1
18.71667,0,1,0,1
18.73333,0,1,0,1
18.75000,0,1,0,1
18.76667,0,1,0,1
18.78333,0,1,0,1
18.80000,0,1,0,1
18.81667,0,1,0,1
18.83333,0,1,0,1
18.85000,0,1,0,0
18.86667,0,1,0,0
18.88333,0,1,0,0
18.90000,0,1,0,0
18.91667,0,1,0,0
18.93333,0,1,0,0
18.95000,0,1,0,0
18.96667,0,1,0,0
18.98333,0,1,0,0
19.00000,0,1,0,0
19.01667,0,1,0,0
19.03333,0,1,0,0
19.05000,0,1,0,1
19.06667,0,1,0,1
19.08333,0,1,0,1
19.10000,0,1,0,1
19.11667,0,1,0,1
19.13333,0,1,0,1
19.15000,0,1,0,1
19.16667,0,1,0,1
19.18333,0,1,0,1
19.20000,0,1,0,1
19.21667,0,1,0,1
19.23333,0,1,0,1
19.25000,0,1,0,1
19.26667,0,1,0,1
19.28333,0,1,0,1
19.30000,0,1,0,1
19.31667,0,1,0,1
19.33333,0,1,0,1
19.35000,0,1,0,1
19.36667,0,1,0,1
19.38333,0,1,0,0
19.40000,0,1,0,0
19.41667,0,1,0,0
19.43333,0,1,0,0
19.45000,0,1,0,0
19.46667,0,1,0,0
19.48333,0,1,0,0
19.50000,0,1,0,0
19.51667,0,1,1,0
19.53333,0,1,1,0
19.55000,0,1,1,0
19.56667,0,1,1,0
19.58333,0,1,1,0
19.60000,0,1,1,0
19.61667,1,1,1,0
19.63333,1,1,1,0
19.65000,1,1,1,0
19.66667,1,1,1,0
19.68333,1,0,1,1
19.70000,1,0,1,1
19.71667,1,0,0,1
19.73333,1,0,0,1
19.75000,0,0,0,1
19.76667,0,0,0,1
19.78333,0,0,0,0
19.80000,0,0,0,0
19.81667,0,0,0,0
19.83333,0,0,0,0
19.85000,0,0,0,0
19.86667,0,0,0,0
19.88333,0,0,0,0
19.90000,0,0,0,0
19.91667,0,0,0,0
19.93333,0,0,0,0
19.95000,1,0,0,0
19.96667,1,0,0,0
19.98333,1,0,0,0
20.00000,1,0,0,0
20.01667,1,0,0,0
20.03333,1,0,0,0
20.05000,1,0,0,0
20.06667,1,0,0,0
20.08333,1,0,1,0
20.10000,1,0,1,0
20.11667,1,0,1,0
20.13333,1,0,1,0
20.15000,1,0,1,0
20.16667,1,0,1,0
20.18333,1,0,1,0
20.20000,1,0,1,0
20.21667,1,0,1,0
20.23333,1,0,1,0
20.25000,1,0,1,0
20.26667,1,0,1,0
20.28333,1,0,1,0
20.30000,1,0,1,0
20.31667,1,0,1,0
20.33333,1,0,1,0
20.35000,1,0,1,0
20.36667,1,0,1,0
20.38333,1,0,1,0
20.40000,1,0,1,0
20.41667,1,0,0,0
20.43333,1,0,0,0
20.45000,1,0,0,0
20.46667,1,0,0,0
20.48333,1,0,0,0
20.50000,1,0,0,0
20.51667,1,0,0,1
20.53333,1,0,0,1
20.55000,1,0,0,1
20.56667,1,0,0,1
20.58333,1,1,0,0
20.60000,1,1,0,0
20.61667,1,1,0,0
20.63333,1,1,0,0
20.65000,1,1,0,0
20.66667,1,1,0,0
20.68333,0,1,0,0
20.70000,0,1,0,0
20.71667,0,1,0,0
20.73333,0,1,0,0
20.75000,0,1,0,0
20.76667,0,1,0,0
20.78333,0,1,0,0
20.80000,0,1,0,0
20.81667,0,1,0,0
20.83333,0,1,0,0
20.85000,0,1,1,0
20.86667,0,1,1,0
20.88333,0,1,1,0
20.90000,0,1,1,0
20.91667,0,1,1,0
20.93333,0,1,1,0
20.95000,0,1,0,0
20.96667,0,1,0,0
20.98333,0,1,0,0
21.00000,0,1,0,0
21.01667,0,1,0,0
21.03333,0,1,0,0
21.05000,0,1,0,1
21.06667,0,1,0,1
21.08333,0,1,0,1
21.10000,0,1,0,1
21.11667,0,1,0,1
21.13333,0,1,0,1
21.15000,0,1,0,1
21.16667,0,1,0,1
21.18333,0,1,0,1
21.20000,0,1,0,1
21.21667,0,1,0,1
21.23333,0,1,0,1
21.25000,0,1,0,1
21.26667,0,1,0,1
21.28333,0,1,0,1
21.30000,0,1,0,1
21.31667,0,1,0,1
21.33333,0,1,0,1
21.35000,0,1,0,1
21.36667,0,1,0,1
21.38333,0,1,0,1
21.40000,0,1,0,1
21.41667,0,1,0,0
21.43333,0,1,0,0
21.45000,0,1,0,0
21.46667,0,1,0,0
21.48333,0,1,0,0
21.50000,0,1,0,0
21.51667,0,1,0,0
21.53333,0,1,0,0
21.55000,0,1,1,0
21.56667,0,1,1,0
21.58333,0,1,1,0
21.60000,0,1,1,0
21.61667,1,1,1,0
21.63333,1,1,1,0
21.65000,1,1,1,0
21.66667,1,1,1,0
21.68333,1,0,0,1
21.70000,1,0,0,1
21.71667,1,0,0,1
21.73333,1,0,0,1
21.75000,0,0,0,1
21.76667,0,0,0,1
21.78333,0,0,0,0
21.80000,0,0,0,0
21.81667,0,0,0,0
21.83333,0,0,0,0
21.85000,0,0,0,0
21.86667,0,0,0,0
21.88333,0,0,0,0
21.90000,0,0,0,0
21.91667,0,0,0,0
21.93333,0,0,0,0
21.95000,0,0,0,0
21.96667,0,0,0,0
21.98333,0,0,0,0
22.00000,0,0,0,0
22.01667,0,0,0,0
22.03333,0,0,0,0
22.05000,0,0,0,0
22.06667,0,0,0,0
22.08333,1,0,0,0
22.10000,1,0,0,0
22.11667,1,0,0,0
22.13333,1,0,0,0
22.15000,1,0,0,0
22.16667,1,0,0,0
22.18333,1,0,0,0
22.20000,1,0,0,0
22.21667,1,0,0,0
22.23333,1,0,0,0
22.25000,1,0,1,0
22.26667,1,0,1,0
22.28333,1,0,1,0
22.30000,1,0,1,0
22.31667,1,0,1,0
22.33333,1,0,1,0
22.35000,1,0,1,0
22.36667,1,0,1,0
22.38333,1,0,1,0
22.40000,1,0,1,0
22.41667,1,0,1,0
22.43333,1,0,1,0
22.45000,1,0,1,0
22.46667,1,0,1,0
22.48333,1,0,1,0
22.50000,1,0,1,0
22.51667,1,0,1,0
22.53333,1,0,1,0
22.55000,1,0,1,0
22.56667,1,0,1,0
22.58333,1,0,0,0
22.60000,1,0,0,0
22.61667,1,0,0,0
22.63333,1,0,0,0
22.65000,1,0,0,1
22.66667,1,0,0,1
22.68333,1,0,0,1
22.70000,1,0,0,1
22.71667,1,0,0,1
22.73333,1,0,0,1
22.75000,0,1,0,1
22.76667,0,1,0,1
22.78333,0,1,0,0
22.80000,0,1,0,0
22.81667,0,1,0,0
22.83333,0,1,0,0
22.85000,0,1,0,0
22.86667,0,1,0,0
22.88333,0,1,0,0
22.90000,0,1,0,0
22.91667,0,1,0,0
22.93333,0,1,0,0
22.95000,0,1,0,0
22.96667,0,1,0,0
22.98333,0,1,1,0
23.00000,0,1,1,0
23.01667,0,1,1,0
23.03333,0,1,1,0
23.05000,0,1,0,0
23.06667,0,1,0,0
23.08333,0,1,0,0
23.10000,0,1,0,0
23.11667,0,1,0,0
23.13333,0,1,0,0
23.15000,0,0,0,0
23.16667,0,0,0,0
23.18333,0,0,0,0
23.20000,0,0,0,0
23.21667,0,0,0,1
23.23333,0,0,0,1
23.25000,0,1,0,1
23.26667,0,1,0,1
23.28333,0,1,0,1
23.30000,0,1,0,1
23.31667,0,1,0,1
23.33333,0,1,0,1
23.35000,0,1,0,1
23.36667,0,1,0,1
23.38333,0,1,0,1
23.40000,0,1,0,1
23.41667,0,1,0,1
23.43333,0,1,0,1
23.45000,0,1,0,1
23.46667,0,1,0,1
23.48333,0,1,0,1
23.50000,0,1,0,1
23.51667,0,1,0,1
23.53333,0,1,0,1
23.55000,0,1,0,1
23.56667,0,1,0,1
23.58333,0,1,0,0
23.60000,0,1,0,0
23.61667,0,1,0,0
23.63333,0,1,0,0
23.65000,0,1,0,0
23.66667,0,1,0,0
23.68333,0,1,0,0
23.70000,0,1,0,0
23.71667,0,1,0,0
23.73333,0,1,0,0
23.75000,0,1,1,0
23.76667,0,1,1,0
23.78333,0,1,1,0
23.80000,0,1,1,0
23.81667,0,1,1,0
23.83333,0,1,1,0
23.85000,1,1,0,0
23.86667,1,1,0,0
23.88333,1,0,0,1
23.90000,1,0,0,1
23.91667,1,0,0,1
23.93333,1,0,0,1
23.95000,1,0,0,1
23.96667,1,0,0,1
23.98333,1,0,0,0
24.00000,1,0,0,0
24.01667,1,0,0,0
24.03333,1,0,0,0
24.05000,1,0,0,0
24.06667,1,0,0,0
24.08333,1,0,0,0
24.10000,1,0,0,0
24.11667,1,0,0,0
24.13333,1,0,0,0
24.15000,1,0,0,0
24.16667,1,0,0,0
24.18333,1,0,0,0
24.20000,1,0,0,0
24.21667,1,0,1,0
24.23333,1,0,1,0
24.25000,1,0,1,0
24.26667,1,0,1,0
24.28333,1,0,1,0
24.30000,1,0,1,0
24.31667,1,0,1,0
24.33333,1,0,1,0
24.35000,1,0,1,0
24.36667,1,0,1,0
24.38333,1,0,1,0
24.40000,1,0,1,0
24.41667,1,0,1,0
24.43333,1,0,1,0
24.45000,1,0,0,0
24.46667,1,0,0,0
24.48333,1,0,0,0
24.50000,1,0,0,0
24.51667,1,0,0,1
24.53333,1,0,0,1
24.55000,1,0,0,1
24.56667,1,0,0,1
24.58333,1,0,0,0
24.60000,1,0,0,0
24.61667,1,0,0,0
24.63333,1,0,0,0
24.65000,1,0,0,0
24.66667,1,0,0,0
24.68333,1,1,0,0
24.70000,1,1,0,0
24.71667,1,1,0,0
24.73333,1,1,0,0
24.75000,0,1,0,0
24.76667,0,1,0,0
24.78333,0,1,0,0
24.80000,0,1,0,0
24.81667,0,1,0,0
24.83333,0,1,0,0
24.85000,0,1,1,0
24.86667,0,1,1,0
24.88333,0,1,1,0
24.90000,0,1,1,0
24.91667,0,1,1,0
24.93333,0,1,1,0
24.95000,0,1,1,0
24.96667,0,1,1,0
24.98333,0,1,1,0
25.00000,0,1,1,0
25.01667,0,1,1,0
25.03333,0,1,1,0
25.05000,0,1,1,0
25.06667,0,1,1,0
25.08333,0,1,1,0
25.10000,0,1,1,0
25.11667,0,1,1,0
25.13333,0,1,1,0
25.15000,0,1,1,0
25.16667,0,1,1,0
25.18333,0,1,0,0
25.20000,0,1,0,0
25.21667,0,1,0,0
25.23333,0,1,0,0
25.25000,0,1,0,0
25.26667,0,1,0,0
25.28333,0,1,0,0
25.30000,0,1,0,0
25.31667,0,1,0,0
25.33333,0,1,0,0
25.35000,0,1,0,0
25.36667,0,1,0,0
25.38333,0,1,0,0
25.40000,0,1,0,0
25.41667,0,1,0,0
25.43333,0,1,0,0
25.45000,0,1,0,0
25.46667,0,1,0,0
25.48333,0,1,0,0
25.50000,0,1,0,0
25.51667,0,1,0,0
25.53333,0,1,0,0
25.55000,0,1,0,0
25.56667,0,1,0,0
25.58333,0,1,0,0
25.60000,0,1,0,0
25.61667,1,1,0,0
25.63333,1,1,0,0
25.65000,1,1,0,0
25.66667,1,1,0,0
25.68333,1,1,0,0
25.70000,1,1,0,0
25.71667,1,1,0,1
25.73333,1,1,0,1
25.75000,1,0,0,1
25.76667,1,0,0,1
25.78333,1,0,0,1
25.80000,1,0,0,1
25.81667,1,0,0,1
25.83333,1,0,0,1
25.85000,1,0,0,1
25.86667,1,0,0,1
25.88333,1,0,0,1
25.90000,1,0,0,1
25.91667,1,0,0,1
25.93333,1,0,0,1
25.95000,1,0,0,0
25.96667,1,0,0,0
25.98333,1,0,0,0
26.00000,1,0,0,0
26.01667,1,0,0,0
26.03333,1,0,0,0
26.05000,1,0,0,0
26.06667,1,0,0,0
26.08333,1,0,0,0
26.10000,1,0,0,0
26.11667,1,0,0,0
26.13333,1,0,0,0
26.15000,1,0,0,0
26.16667,1,0,0,0
26.18333,1,0,0,0
26.20000,1,0,0,0
26.21667,1,0,0,0
26.23333,1,0,0,0
26.25000,1,0,0,0
26.26667,1,0,0,0
26.28333,1,0,0,0
26.30000,1,0,0,0
26.31667,1,0,0,0
26.33333,1,0,0,0
26.35000,1,0,0,1
26.36667,1,0,0,1
26.38333,1,0,0,1
26.40000,1,0,0,1
26.41667,1,0,0,0
26.43333,1,0,0,0
26.45000,1,0,0,0
26.46667,1,0,0,0
26.48333,1,0,0,0
26.50000,1,0,0,0
26.51667,1,0,0,0
26.53333,1,0,0,0
26.55000,1,0,0,0
26.56667,1,0,0,0
26.58333,1,0,0,0
26.60000,1,0,0,0
26.61667,1,0,0,0
26.63333,1,0,0,0
26.65000,1,0,0,0
26.66667,1,0,0,0
26.68333,0,0,1,0
26.70000,0,0,1,0
26.71667,0,0,1,0
26.73333,0,0,1,0
26.75000,0,0,1,0
26.76667,0,0,1,0
26.78333,0,1,1,0
26.80000,0,1,1,0
26.81667,0,1,1,0
26.83333,0,1,1,0
26.85000,0,1,0,0
26.86667,0,1,0,0
26.88333,0,1,0,0
26.90000,0,1,0,0
26.91667,0,0,0,0
26.93333,0,0,0,0
26.95000,0,0,0,0
26.96667,0,0,0,0
26.98333,0,0,0,0
27.00000,0,0,0,0
27.01667,0,0,0,0
27.03333,0,0,0,0
27.05000,0,1,0,0
27.06667,0,1,0,0
27.08333,0,1,0,0
27.10000,0,1,0,0
27.11667,0,1,0,0
27.13333,0,1,0,0
27.15000,0,1,0,0
27.16667,0,1,0,0
27.18333,0,1,0,1
27.20000,0,1,0,1
27.21667,0,1,0,1
27.23333,0,1,0,1
27.25000,0,1,0,1
27.26667,0,1,0,1
27.28333,0,1,0,1
27.30000,0,1,0,1
27.31667,0,1,0,1
27.33333,0,1,0,1
27.35000,0,1,0,1
27.36667,0,1,0,1
27.38333,0,1,0,1
27.40000,0,1,0,1
27.41667,0,1,0,1
27.43333,0,1,0,1
27.45000,0,1,0,0
27.46667,0,1,0,0
27.48333,0,1,0,0
27.50000,0,1,0,0
27.51667,0,1,0,0
27.53333,0,1,0,0
27.55000,0,1,0,0
27.56667,0,1,0,0
27.58333,0,1,0,0
27.60000,0,1,0,0
27.61667,0,1,1,0
27.63333,0,1,1,0
27.65000,0,1,1,0
27.66667,0,1,1,0
27.68333,0,1,1,0
27.70000,0,1,1,0
27.71667,0,1,1,0
27.73333,0,1,1,0
27.75000,1,1,0,0
27.76667,1,1,0,0
27.78333,1,1,0,0
27.80000,1,1,0,0
27.81667,1,1,0,1
27.83333,1,1,0,1
27.85000,1,0,0,1
27.86667,1,0,0,1
27.88333,1,0,0,0
27.90000,1,0,0,0
27.91667,1,0,0,0
27.93333,1,0,0,0
27.95000,1,0,0,0
27.96667,1,0,0,0
27.98333,1,0,0,0
28.00000,1,0,0,0
28.01667,1,0,0,0
28.03333,1,0,0,0
28.05000,1,0,0,0
28.06667,1,0,0,0
28.08333,1,0,0,0
28.10000,1,0,0,0
28.11667,1,0,0,0
28.13333,1,0,0,0
28.15000,1,0,0,0
28.16667,1,0,0,0
28.18333,1,0,1,0
28.20000,1,0,1,0
28.21667,1,0,1,0
28.23333,1,0,1,0
28.25000,1,0,1,0
28.26667,1,0,1,0
28.28333,1,0,1,0
28.30000,1,0,1,0
28.31667,1,0,0,0
28.33333,1,0,0,0
28.35000,1,0,0,0
28.36667,1,0,0,0
28.38333,1,0,0,0
28.40000,1,0,0,0
28.41667,1,0,0,0
28.43333,1,0,0,0
28.45000,1,0,0,1
28.46667,1,0,0,1
28.48333,1,0,0,1
28.50000,1,0,0,1
28.51667,1,0,0,0
28.53333,1,0,0,0
28.55000,1,0,0,0
28.56667,1,0,0,0
28.58333,1,0,0,0
28.60000,1,0,0,0
28.61667,1,1,0,0
28.63333,1,1,0,0
28.65000,0,1,0,0
28.66667,0,1,0,0
28.68333,0,1,0,0
28.70000,0,1,0,0
28.71667,0,1,0,0
28.73333,0,1,0,0
28.75000,0,1,0,0
28.76667,0,1,0,0
28.78333,0,1,0,0
28.80000,0,1,0,0
28.81667,0,1,1,0
28.83333,0,1,1,0
28.85000,0,1,1,0
28.86667,0,1,1,0
28.88333,0,1,1,0
28.90000,0,1,1,0
28.91667,0,1,0,0
28.93333,0,1,0,0
28.95000,0,1,0,0
28.96667,0,1,0,0
28.98333,0,1,0,1
29.00000,0,1,0,1
29.01667,0,1,0,1
29.03333,0,1,0,1
29.05000,0,1,0,1
29.06667,0,1,0,1
29.08333,0,1,0,1
29.10000,0,1,0,1
29.11667,0,1,0,1
29.13333,0,1,0,1
29.15000,0,1,0,1
29.16667,0,1,0,1
29.18333,0,1,0,1
29.20000,0,1,0,1
29.21667,0,1,0,1
29.23333,0,1,0,1
29.25000,0,1,0,1
29.26667,0,1,0,1
29.28333,0,1,0,1
29.30000,0,1,0,1
29.31667,0,1,0,1
29.33333,0,1,0,1
29.35000,0,1,0,1
29.36667,0,1,0,1
29.38333,0,1,0,0
29.40000,0,1,0,0
29.41667,0,1,0,0
29.43333,0,1,0,0
29.45000,0,1,0,0
29.46667,0,1,0,0
29.48333,0,1,1,0
29.50000,0,1,1,0
29.51667,0,1,1,0
29.53333,0,1,1,0
29.55000,0,1,1,0
29.56667,0,1,1,0
29.58333,1,1,1,0
29.60000,1,1,1,0
29.61667,1,1,1,0
29.63333,1,1,1,0
29.65000,1,0,0,1
29.66667,1,0,0,1
29.68333,1,0,0,1
29.70000,1,0,0,1
29.71667,1,0,0,1
29.73333,1,0,0,1
29.75000,0,0,0,0
29.76667,0,0,0,0
29.78333,0,0,0,0
29.80000,0,0,0,0
29.81667,0,0,0,0
29.83333,0,0,0,0
29.85000,0,0,0,0
29.86667,0,0,0,0
29.88333,0,0,0,0
29.90000,0,0,0,0
29.91667,0,0,0,0
29.93333,0,0,0,0
29.95000,1,0,0,0
29.96667,1,0,0,0
29.98333,1,0,0,0
30.00000,1,0,0,0
30.01667,1,0,0,0
30.03333,1,0,0,0
30.05000,1,0,0,0
30.06667,1,0,0,0
30.08333,1,0,0,0
30.10000,1,0,0,0
30.11667,1,0,0,0
30.13333,1,0,0,0
30.15000,1,0,0,0
30.16667,1,0,0,0
30.18333,1,0,1,0
30.20000,1,0,1,0
30.21667,1,0,1,0
30.23333,1,0,1,0
30.25000,1,0,1,0
30.26667,1,0,1,0
30.28333,1,0,1,0
30.30000,1,0,1,0
30.31667,1,0,1,0
30.33333,1,0,1,0
30.35000,1,0,0,0
30.36667,1,0,0,0
30.38333,1,0,0,0
30.40000,1,0,0,0
30.41667,1,0,0,0
30.43333,1,0,0,0
30.45000,1,0,0,0
30.46667,1,0,0,0
30.48333,1,0,0,1
30.50000,1,0,0,1
30.51667,1,0,0,1
30.53333,1,0,0,1
30.55000,1,1,0,0
30.56667,1,1,0,0
30.58333,1,1,0,0
30.60000,1,1,0,0
30.61667,1,1,0,0
30.63333,1,1,0,0
30.65000,0,1,0,0
30.66667,0,1,0,0
30.68333,0,1,0,0
30.70000,0,1,0,0
30.71667,0,1,0,0
30.73333,0,1,0,0
30.75000,0,1,0,0
30.76667,0,1,0,0
30.78333,0,1,0,0
30.80000,0,1,0,0
30.81667,0,1,0,0
30.83333,0,1,0,0
30.85000,0,1,1,0
30.86667,0,1,1,0
30.88333,0,1,1,0
30.90000,0,1,1,0
30.91667,0,1,0,0
30.93333,0,1,0,0
30.95000,0,1,0,0
30.96667,0,1,0,0
30.98333,0,1,0,1
31.00000,0,1,0,1
31.01667,0,1,0,1
31.03333,0,1,0,1
31.05000,0,1,0,1
31.06667,0,1,0,1
31.08333,0,1,0,1
31.10000,0,1,0,1
31.11667,0,1,0,1
31.13333,0,1,0,1
31.15000,0,1,0,1
31.16667,0,1,0,1
31.18333,0,1,0,1
31.20000,0,1,0,1
31.21667,0,1,0,1
31.23333,0,1,0,1
31.25000,0,1,0,1
31.26667,0,1,0,1
31.28333,0,1,0,1
31.30000,0,1,0,1
31.31667,0,1,0,1
31.33333,0,1,0,1
31.35000,0,1,0,1
31.36667,0,1,0,1
31.38333,0,1,0,1
31.40000,0,1,0,1
31.41667,0,1,0,1
31.43333,0,1,0,1
31.45000,0,1,0,1
31.46667,0,1,0,1
31.48333,0,1,0,1
31.50000,0,1,0,1
31.51667,0,1,1,1
31.53333,0,1,1,1
31.55000,0,1,1,1
31.56667,0,1,1,1
31.58333,0,1,1,0
31.60000,0,1,1,0
31.61667,0,1,1,0
31.63333,0,1,1,0
31.65000,0,1,1,0
31.66667,0,1,1,0
31.68333,0,0,1,0
31.70000,0,0,1,0
31.71667,1,0,1,0
31.73333,1,0,1,0
31.75000,1,0,1,0
31.76667,1,0,1,0
31.78333,1,0,1,1
31.80000,1,0,1,1
31.81667,1,0,0,1
31.83333,1,0,0,1
31.85000,1,0,0,1
31.86667,1,0,0,1
31.88333,1,0,0,0
31.90000,1,0,0,0
31.91667,1,0,0,0
31.93333,1,0,0,0
31.95000,1,0,0,0
31.96667,1,0,0,0
31.98333,1,0,0,0
32.00000,1,0,0,0
32.01667,1,0,0,0
32.03333,1,0,0,0
32.05000,1,0,0,0
32.06667,1,0,0,0
32.08333,1,0,0,0
32.10000,1,0,0,0
32.11667,1,0,0,0
32.13333,1,0,0,0
32.15000,1,0,1,0
32.16667,1,0,1,0
32.18333,1,0,1,0
32.20000,1,0,1,0
32.21667,1,0,1,0
32.23333,1,0,1,0
32.25000,1,0,1,0
32.26667,1,0,1,0
32.28333,1,0,1,0
32.30000,1,0,1,0
32.31667,1,0,0,0
32.33333,1,0,0,0
32.35000,1,0,0,0
32.36667,1,0,0,0
32.38333,1,0,0,0
32.40000,1,0,0,0
32.41667,1,0,0,0
32.43333,1,0,0,0
32.45000,1,0,0,1
32.46667,1,0,0,1
32.48333,1,0,0,1
32.50000,1,0,0,1
32.51667,1,0,0,0
32.53333,1,0,0,0
32.55000,1,0,0,0
32.56667,1,0,0,0
32.58333,1,1,0,0
32.60000,1,1,0,0
32.61667,1,1,0,0
32.63333,1,1,0,0
32.65000,0,1,0,0
32.66667,0,1,0,0
32.68333,0,1,0,0
32.70000,0,1,0,0
32.71667,0,1,0,0
32.73333,0,1,0,0
32.75000,0,1,0,0
32.76667,0,1,0,0
32.78333,0,1,0,0
32.80000,0,1,0,0
32.81667,0,1,0,0
32.83333,0,1,0,0
32.85000,0,1,0,0
32.86667,0,1,0,0
32.88333,0,1,0,0
32.90000,0,1,0,0
32.91667,0,1,0,0
32.93333,0,1,0,0
32.95000,0,0,0,0
32.96667,0,0,0,0
32.98333,0,0,0,0
33.00000,0,0,0,0
33.01667,0,0,0,0
33.03333,0,0,0,0
33.05000,0,1,0,0
33.06667,0,1,0,0
33.08333,0,1,0,0
33.10000,0,1,0,0
33.11667,0,1,0,0
33.13333,0,1,0,0
33.15000,0,1,0,1
33.16667,0,1,0,1
33.18333,0,1,0,1
33.20000,0,1,0,1
33.21667,0,1,0,1
33.23333,0,1,0,1
33.25000,0,1,0,1
33.26667,0,1,0,1
33.28333,0,1,0,1
33.30000,0,1,0,1
33.31667,0,1,0,1
33.33333,0,1,0,1
33.35000,0,1,0,1
33.36667,0,1,0,1
33.38333,0,1,0,1
33.40000,0,1,0,1
33.41667,0,1,0,1
33.43333,0,1,0,1
33.45000,0,1,0,1
33.46667,0,1,0,1
33.48333,0,1,0,1
33.50000,0,1,0,1
33.51667,0,1,0,0
33.53333,0,1,0,0
33.55000,0,1,0,0
33.56667,0,1,0,0
33.58333,0,1,0,0
33.60000,0,1,0,0
33.61667,0,1,0,0
33.63333,0,1,0,0
33.65000,0,1,0,0
33.66667,0,1,0,0
33.68333,0,1,1,0
33.70000,0,1,1,0
33.71667,0,1,1,0
33.73333,0,1,1,0
33.75000,0,1,1,0
33.76667,0,1,1,0
33.78333,0,1,1,0
33.80000,0,1,1,0
33.81667,0,1,1,0
33.83333,0,1,1,0
33.85000,1,1,1,0
33.86667,1,1,1,0
33.88333,1,0,1,0
33.90000,1,0,1,0
33.91667,1,0,0,1
33.93333,1,0,0,1
33.95000,1,0,0,1
33.96667,1,0,0,1
33.98333,0,0,0,1
34.00000,0,0,0,1
34.01667,0,0,0,0
34.03333,0,0,0,0
34.05000,0,0,0,0
34.06667,0,0,0,0
34.08333,0,0,0,0
34.10000,0,0,0,0
34.11667,0,0,0,0
34.13333,0,0,0,0
34.15000,0,0,0,0
34.16667,0,0,0,0
34.18333,0,0,0,0
34.20000,0,0,0,0
34.21667,1,0,0,0
34.23333,1,0,0,0
34.25000,1,0,0,0
34.26667,1,0,0,0
34.28333,1,0,0,0
34.30000,1,0,0,0
34.31667,1,0,1,0
34.33333,1,0,1,0
34.35000,1,0,1,0
34.36667,1,0,1,0
34.38333,1,0,1,0
34.40000,1,0,1,0
34.41667,1,0,1,0
34.43333,1,0,1,0
34.45000,1,0,1,0
34.46667,1,0,1,0
34.48333,1,0,1,0
34.50000,1,0,1,0
34.51667,1,0,1,0
34.53333,1,0,1,0
34.55000,1,0,1,0
34.56667,1,0,1,0
34.58333,1,0,1,0
34.60000,1,0,1,0
34.61667,1,0,1,0
34.63333,1,0,1,0
34.65000,1,0,1,0
34.66667,1,0,1,0
34.68333,1,0,1,0
34.70000,1,0,1,0
34.71667,1,0,1,0
34.73333,1,0,1,0
34.75000,1,0,0,0
34.76667,1,0,0,0
34.78333,1,0,0,0
34.80000,1,0,0,0
34.81667,1,0,0,0
34.83333,1,0,0,0
34.85000,1,0,0,0
34.86667,1,0,0,0
34.88333,1,0,0,0
34.90000,1,0,0,0
34.91667,1,0,0,0
34.93333,1,0,0,0
34.95000,1,0,0,1
34.96667,1,0,0,1
34.98333,1,0,0,1
35.00000,1,0,0,1
35.01667,1,0,0,1
35.03333,1,0,0,1
35.05000,1,0,0,1
35.06667,1,0,0,1
35.08333,1,0,0,1
35.10000,1,0,0,1
35.11667,0,0,0,1
35.13333,0,0,0,1
35.15000,0,0,0,1
35.16667,0,0,0,1
35.18333,0,0,0,1
35.20000,0,0,0,1
35.21667,0,0,0,1
35.23333,0,0,0,1
35.25000,0,0,0,1
35.26667,0,0,0,1
35.28333,0,0,0,0
35.30000,0,0,0,0
35.31667,0,1,0,0
35.33333,0,1,0,0
35.35000,0,1,1,0
35.36667,0,1,1,0
35.38333,0,1,1,0
35.40000,0,1,1,0
35.41667,0,1,1,0
35.43333,0,1,1,0
35.45000,0,1,0,0
35.46667,0,1,0,0
35.48333,0,1,0,0
35.50000,0,1,0,0
35.51667,0,1,0,0
35.53333,0,1,0,0
35.55000,0,1,0,1
35.56667,0,1,0,1
35.58333,0,1,0,1
35.60000,0,1,0,1
35.61667,0,1,0,1
35.63333,0,1,0,1
35.65000,0,1,0,1
35.66667,0,1,0,1
35.68333,0,1,0,1
35.70000,0,1,0,1
35.71667,0,1,0,1
35.73333,0,1,0,1
35.75000,0,1,0,1
35.76667,0,1,0,1
35.78333,0,1,0,1
35.80000,0,1,0,1
35.81667,0,1,0,1
35.83333,0,1,0,1
35.85000,0,1,0,0
35.86667,0,1,0,0
35.88333,0,1,0,0
35.90000,0,1,0,0
35.91667,0,1,0,0
35.93333,0,1,0,0
35.95000,0,1,0,0
35.96667,0,1,0,0
35.98333,0,1,0,0
36.00000,0,1,0,0
36.01667,0,1,0,0
36.03333,0,1,0,0
36.05000,1,1,0,0
36.06667,1,1,0,0
36.08333,1,1,0,1
36.10000,1,1,0,1
36.11667,1,1,0,1
36.13333,1,1,0,1
36.15000,1,0,0,1
36.16667,1,0,0,1
36.18333,1,0,0,0
36.20000,1,0,0,0
36.21667,1,0,0,0
36.23333,1,0,0,0
36.25000,0,0,0,0
36.26667,0,0,0,0
36.28333,0,0,0,0
36.30000,0,0,0,0
36.31667,0,0,0,0
36.33333,0,0,0,0
36.35000,0,0,0,0
36.36667,0,0,0,0
36.38333,0,0,0,0
36.40000,0,0,0,0
36.41667,1,0,0,0
36.43333,1,0,0,0
36.45000,1,0,0,0
36.46667,1,0,0,0
36.48333,1,0,0,0
36.50000,1,0,0,0
36.51667,1,0,0,0
36.53333,1,0,0,0
36.55000,1,0,0,0
36.56667,1,0,0,0
36.58333,1,0,1,0
36.60000,1,0,1,0
36.61667,1,0,1,0
36.63333,1,0,1,0
36.65000,1,0,1,0
36.66667,1,0,1,0
36.68333,1,0,1,0
36.70000,1,0,1,0
36.71667,1,0,1,0
36.73333,1,0,1,0
36.75000,1,0,1,0
36.76667,1,0,1,0
36.78333,1,0,1,0
36.80000,1,0,1,0
36.81667,1,0,1,0
36.83333,1,0,1,0
36.85000,1,0,0,0
36.86667,1,0,0,0
36.88333,1,0,0,0
36.90000,1,0,0,0
36.91667,1,0,0,0
36.93333,1,0,0,0
36.95000,1,0,0,0
36.96667,1,0,0,0
36.98333,1,0,0,1
37.00000,1,0,0,1
37.01667,1,0,0,1
37.03333,1,0,0,1
37.05000,1,1,0,0
37.06667,1,1,0,0
37.08333,1,1,0,0
37.10000,1,1,0,0
37.11667,0,1,0,0
37.13333,0,1,0,0
37.15000,0,1,0,0
37.16667,0,1,0,0
37.18333,0,1,0,0
37.20000,0,1,0,0
37.21667,0,1,0,0
37.23333,0,1,0,0
37.25000,0,1,0,0
37.26667,0,1,0,0
37.28333,0,1,0,0
37.30000,0,1,0,0
37.31667,0,0,0,0
37.33333,0,0,0,0
37.35000,0,0,0,0
37.36667,0,0,0,0
37.38333,0,0,0,0
37.40000,0,0,0,0
37.41667,0,0,0,0
37.43333,0,0,0,0
37.45000,0,0,0,0
37.46667,0,0,0,0
37.48333,0,0,0,0
37.50000,0,0,0,0
37.51667,0,1,0,0
37.53333,0,1,0,0
37.55000,0,1,0,0
37.56667,0,1,0,0
37.58333,0,1,0,0
37.60000,0,1,0,0
37.61667,0,1,0,0
37.63333,0,1,0,0
37.65000,0,1,0,1
37.66667,0,1,0,1
37.68333,0,1,0,1
37.70000,0,1,0,1
37.71667,0,1,0,1
37.73333,0,1,0,1
37.75000,0,1,0,1
37.76667,0,1,0,1
37.78333,0,1,0,1
37.80000,0,1,0,1
37.81667,0,1,0,1
37.83333,0,1,0,1
37.85000,0,1,0,1
37.86667,0,1,0,1
37.88333,0,1,0,1
37.90000,0,1,0,1
37.91667,0,1,0,1
37.93333,0,1,0,1
37.95000,0,1,0,1
37.96667,0,1,0,1
37.98333,0,1,0,1
38.00000,0,1,0,1
38.01667,0,1,0,0
38.03333,0,1,0,0
38.05000,0,1,0,0
38.06667,0,1,0,0
38.08333,0,1,0,0
38.10000,0,1,0,0
38.11667,0,1,0,0
38.13333,0,1,0,0
38.15000,0,1,0,0
38.16667,0,1,0,0
38.18333,0,1,1,0
38.20000,0,1,1,0
38.21667,0,1,1,0
38.23333,0,1,1,0
38.25000,0,1,1,0
38.26667,0,1,1,0
38.28333,0,1,1,0
38.30000,0,1,1,0
38.31667,1,1,0,0
38.33333,1,1,0,0
38.35000,1,0,0,1
38.36667,1,0,0,1
38.38333,1,0,0,1
38.40000,1,0,0,1
38.41667,1,0,0,1
38.43333,1,0,0,1
38.45000,0,0,0,0
38.46667,0,0,0,0
38.48333,0,0,0,0
38.50000,0,0,0,0
38.51667,0,0,0,0
38.53333,0,0,0,0
38.55000,0,0,0,0
38.56667,0,0,0,0
38.58333,0,0,0,0
38.60000,0,0,0,0
38.61667,0,0,0,0
38.63333,0,0,0,0
38.65000,1,0,0,0
38.66667,1,0,0,0
38.68333,1,0,0,0
38.70000,1,0,0,0
38.71667,1,0,0,0
38.73333,1,0,0,0
38.75000,1,0,0,0
38.76667,1,0,0,0
38.78333,1,0,1,0
38.80000,1,0,1,0
38.81667,1,0,1,0
38.83333,1,0,1,0
38.85000,1,0,1,0
38.86667,1,0,1,0
38.88333,1,0,1,0
38.90000,1,0,1,0
38.91667,1,0,1,0
38.93333,1,0,1,0
38.95000,1,0,1,0
38.96667,1,0,1,0
38.98333,1,0,1,0
39.00000,1,0,1,0
39.01667,1,0,1,0
39.03333,1,0,1,0
39.05000,1,0,1,0
39.06667,1,0,1,0
39.08333,1,0,1,0
39.10000,1,0,1,0
39.11667,1,0,0,0
39.13333,1,0,0,0
39.15000,1,0,0,0
39.16667,1,0,0,0
39.18333,1,0,0,0
39.20000,1,0,0,0
39.21667,1,0,0,1
39.23333,1,0,0,1
39.25000,1,0,0,1
39.26667,1,0,0,1
39.28333,1,0,0,0
39.30000,1,0,0,0
39.31667,1,1,0,0
39.33333,1,1,0,0
39.35000,0,1,0,0
39.36667,0,1,0,0
39.38333,0,1,0,0
39.40000,0,1,0,0
39.41667,0,1,0,0
39.43333,0,1,0,0
39.45000,0,1,0,0
39.46667,0,1,0,0
39.48333,0,1,0,0
39.50000,0,1,0,0
39.51667,0,1,0,0
39.53333,0,1,0,0
39.55000,0,1,0,0
39.56667,0,1,0,0
39.58333,0,1,1,0
39.60000,0,1,1,0
39.61667,0,1,1,0
39.63333,0,1,1,0
39.65000,0,1,1,0
39.66667,0,1,1,0
39.68333,0,1,0,0
39.70000,0,1,0,0
39.71667,0,1,0,0
39.73333,0,1,0,0
39.75000,0,1,0,0
39.76667,0,1,0,1
39.78333,0,1,0,1
39.80000,0,1,0,1
39.81667,0,1,0,1
39.83333,0,1,0,1
39.85000,0,1,0,1
39.86667,0,1,0,1
39.88333,0,1,0,1
39.90000,0,1,0,1
39.91667,0,1,0,1
39.93333,0,1,0,1
39.95000,0,1,0,1
39.96667,0,1,0,1
39.98333,0,1,0,1
40.00000,0,1,0,1
40.01667,0,1,0,1
40.03333,0,1,0,1
40.05000,0,1,0,1
40.06667,0,1,0,1
40.08333,0,1,0,1
40.10000,0,1,0,1
40.11667,0,1,0,1
40.13333,0,1,0,0
40.15000,0,1,0,0
40.16667,0,1,0,0
40.18333,0,1,0,0
40.20000,0,1,0,0
40.21667,0,1,0,0
40.23333,0,1,0,0
40.25000,0,1,0,0
40.26667,0,1,0,0
40.28333,0,1,0,0
40.30000,0,1,0,0
40.31667,0,1,0,0
40.33333,0,1,0,0
40.35000,0,1,0,0
40.36667,1,1,0,0
40.38333,1,0,0,1
40.40000,1,0,0,1
40.41667,1,0,0,1
40.43333,1,0,0,1
40.45000,1,0,0,1
40.46667,0,0,0,0
40.48333,0,0,0,0
40.50000,0,0,0,0
40.51667,0,0,0,0
40.53333,0,0,0,0
40.55000,0,0,0,0
40.56667,0,0,0,0
40.58333,0,0,0,0
40.60000,0,0,0,0
40.61667,0,0,0,0
40.63333,0,0,0,0
40.65000,0,0,0,0
40.66667,0,0,0,0
40.68333,0,0,0,0
40.70000,0,0,0,0
40.71667,1,0,0,0
40.73333,1,0,0,0
40.75000,1,0,0,0
40.76667,1,0,0,0
40.78333,1,0,0,0
40.80000,1,0,0,0
40.81667,1,0,0,0
40.83333,1,0,0,0
40.85000,1,0,0,0
40.86667,1,0,0,0
40.88333,1,0,0,0
40.90000,1,0,0,0
40.91667,1,0,0,0
40.93333,1,0,0,0
40.95000,1,0,0,0
40.96667,1,0,1,0
40.98333,1,0,1,0
41.00000,1,0,1,0
41.01667,1,0,1,0
41.03333,1,0,1,0
41.05000,1,0,1,0
41.06667,1,0,1,0
41.08333,1,0,1,0
41.10000,1,0,1,0
41.11667,1,0,1,0
41.13333,1,0,1,0
41.15000,1,0,1,0
41.16667,1,0,1,0
41.18333,1,0,1,0
41.20000,1,0,0,0
41.21667,1,0,0,0
41.23333,1,0,0,0
41.25000,1,0,0,1
41.26667,1,0,0,1
41.28333,1,0,0,1
41.30000,1,0,0,1
41.31667,1,0,0,1
41.33333,1,0,0,0
41.35000,1,0,0,0
41.36667,1,0,0,0
41.38333,1,1,0,0
41.40000,1,1,0,0
41.41667,0,1,0,0
41.43333,0,1,0,0
41.45000,0,1,0,0
41.46667,0,1,0,0
41.48333,0,1,0,0
41.50000,0,1,0,0
41.51667,0,1,0,0
41.53333,0,1,0,0
41.55000,0,1,0,0
41.56667,0,1,0,0
41.58333,0,1,0,0
41.60000,0,1,0,0
41.61667,0,1,0,0
41.63333,0,1,0,0
41.65000,0,1,0,0
41.66667,0,1,1,0
41.68333,0,1,1,0
41.70000,0,1,1,0
41.71667,0,1,1,0
41.73333,0,1,1,0
41.75000,0,1,1,0
41.76667,0,1,1,0
41.78333,0,1,1,0
41.80000,0,0,0,0
41.81667,0,0,0,0
41.83333,0,0,0,0
41.85000,0,0,0,0
41.86667,0,0,0,0
41.88333,0,1,0,0
41.90000,0,1,0,0
41.91667,0,1,0,0
41.93333,0,1,0,0
41.95000,0,1,0,0
41.96667,0,1,0,0
41.98333,0,1,0,0
42.00000,0,1,0,0
42.01667,0,1,0,0
42.03333,0,1,0,0
42.05000,0,1,0,0
42.06667,0,1,0,0
42.08333,0,1,0,1
42.10000,0,1,0,1
42.11667,0,1,0,1
42.13333,0,1,0,1
42.15000,0,1,0,1
42.16667,0,1,0,1
42.18333,0,1,0,1
42.20000,0,1,0,1
42.21667,0,1,0,1
42.23333,0,1,0,1
42.25000,0,1,0,0
42.26667,0,1,0,0
42.28333,0,1,0,0
42.30000,0,1,0,0
42.31667,0,1,0,0
42.33333,0,1,0,0
42.35000,0,1,0,0
42.36667,0,1,0,0
42.38333,0,1,0,0
42.40000,0,1,0,0
42.41667,0,1,0,0
42.43333,0,1,0,0
42.45000,0,1,0,0
42.46667,0,1,0,0
42.48333,0,1,0,0
42.50000,0,1,0,0
42.51667,0,1,0,0
42.53333,0,1,0,0
42.55000,0,1,0,0
42.56667,0,1,0,0
42.58333,1,1,0,1
42.60000,1,1,0,1
42.61667,1,1,0,1
42.63333,1,1,0,1
42.65000,1,1,0,1
42.66667,1,0,0,1
42.68333,1,0,0,1
42.70000,1,0,0,1
42.71667,1,0,0,1
42.73333,1,0,0,1
42.75000,0,0,0,1
42.76667,0,0,0,1
42.78333,0,0,0,1
42.80000,0,0,0,0
42.81667,0,0,0,0
42.83333,0,0,0,0
42.85000,0,0,0,0
42.86667,0,0,0,0
42.88333,1,0,0,0
42.90000,1,0,0,0
42.91667,1,0,0,0
42.93333,1,0,0,0
42.95000,1,0,0,0
42.96667,1,0,0,0
42.98333,1,0,0,0
43.00000,1,0,0,0
43.01667,1,0,0,0
43.03333,1,0,0,0
43.05000,1,0,0,0
43.06667,1,0,0,0
43.08333,1,0,0,0
43.10000,1,0,0,0
43.11667,1,0,0,0
43.13333,1,0,0,0
43.15000,1,0,0,0
43.16667,1,0,0,0
43.18333,1,0,0,0
43.20000,1,0,0,0
43.21667,1,0,1,0
43.23333,1,0,1,0
43.25000,1,0,1,0
43.26667,1,0,1,0
43.28333,1,0,1,0
43.30000,1,0,0,0
43.31667,1,0,0,0
43.33333,1,0,0,0
43.35000,1,0,0,0
43.36667,1,0,0,0
43.38333,1,0,0,0
43.40000,1,0,0,0
43.41667,1,0,0,1
43.43333,1,0,0,1
43.45000,1,0,0,1
43.46667,1,0,0,0
43.48333,1,0,0,0
43.50000,1,1,0,0
43.51667,1,1,0,0
43.53333,1,1,0,0
43.55000,0,1,0,0
43.56667,0,1,0,0
43.58333,0,1,0,0
43.60000,0,1,0,0
43.61667,0,1,0,0
43.63333,0,1,0,0
43.65000,0,1,0,0
43.66667,0,1,0,0
43.68333,0,1,0,0
43.70000,0,1,0,0
43.71667,0,1,0,0
43.73333,0,1,0,0
43.75000,0,1,0,0
43.76667,0,1,0,0
43.78333,0,1,0,0
43.80000,0,1,0,0
43.81667,0,1,0,0
43.83333,0,1,0,0
43.85000,0,1,0,0
43.86667,0,1,0,0
43.88333,0,1,1,0
43.90000,0,1,1,0
43.91667,0,1,0,0
43.93333,0,1,0,0
43.95000,0,1,0,0
43.96667,0,1,0,0
43.98333,0,1,0,0
44.00000,0,1,0,0
44.01667,0,1,0,0
44.03333,0,1,0,0
44.05000,0,1,0,1
44.06667,0,1,0,1
44.08333,0,1,0,1
44.10000,0,1,0,1
44.11667,0,1,0,1
44.13333,0,1,0,1
44.15000,0,1,0,1
44.16667,0,1,0,1
44.18333,0,1,0,1
44.20000,0,1,0,1
44.21667,0,1,0,1
44.23333,0,1,0,1
44.25000,0,1,0,1
44.26667,0,1,0,1
44.28333,0,1,0,1
44.30000,0,1,0,1
44.31667,0,1,0,1
44.33333,0,1,0,0
44.35000,0,1,0,0
44.36667,0,1,0,0
44.38333,0,1,0,0
44.40000,0,1,0,0
44.41667,0,1,0,0
44.43333,0,1,0,0
44.45000,0,1,0,0
44.46667,0,1,1,0
44.48333,0,1,1,0
44.50000,0,1,1,0
44.51667,0,1,1,0
44.53333,0,1,1,0
44.55000,1,1,1,0
44.56667,1,1,1,0
44.58333,1,1,0,0
44.60000,1,1,0,0
44.61667,1,1,0,0
44.63333,1,0,0,1
44.65000,1,0,0,1
44.66667,1,0,0,1
44.68333,1,0,0,1
44.70000,1,0,0,0
44.71667,0,0,0,0
44.73333,0,0,0,0
44.75000,0,0,0,0
44.76667,0,0,0,0
44.78333,0,0,0,0
44.80000,0,0,0,0
44.81667,0,0,0,0
44.83333,0,0,0,0
44.85000,0,0,0,0
44.86667,0,0,0,0
44.88333,0,0,0,0
44.90000,0,0,0,0
44.91667,0,0,0,0
44.93333,0,0,0,0
44.95000,0,0,0,0
44.96667,0,0,0,0
44.98333,0,0,0,0
45.00000,1,0,0,0
45.01667,1,0,0,0
45.03333,1,0,0,0
45.05000,1,0,0,0
45.06667,1,0,0,0
45.08333,1,0,0,0
45.10000,1,0,0,0
45.11667,1,0,0,0
45.13333,1,0,0,0
45.15000,1,0,0,0
45.16667,1,0,0,0
45.18333,1,0,0,0
45.20000,1,0,0,0
45.21667,1,0,0,0
45.23333,1,0,0,0
45.25000,1,0,0,0
45.26667,1,0,0,0
45.28333,1,0,0,0
45.30000,1,0,1,0
45.31667,1,0,1,0
45.33333,1,0,1,0
45.35000,1,0,1,0
45.36667,1,0,1,0
45.38333,1,0,1,0
45.40000,1,0,1,0
45.41667,1,0,0,0
45.43333,1,0,0,0
45.45000,1,0,0,0
45.46667,1,0,0,0
45.48333,1,0,0,0
45.50000,1,0,0,0
45.51667,1,0,0,0
45.53333,1,0,0,0
45.55000,1,0,0,1
45.56667,1,0,0,1
45.58333,1,0,0,1
45.60000,1,0,0,1
45.61667,1,0,0,1
45.63333,1,0,0,0
45.65000,1,0,0,0
45.66667,1,1,0,0
45.68333,1,1,0,0
45.70000,1,1,0,0
45.71667,0,1,0,0
45.73333,0,1,0,0
45.75000,0,1,0,0
45.76667,0,1,0,0
45.78333,0,1,0,0
45.80000,0,1,0,0
45.81667,0,1,0,0
45.83333,0,1,0,0
45.85000,0,1,0,0
45.86667,0,1,0,0
45.88333,0,1,0,0
45.90000,0,1,0,0
45.91667,0,1,0,0
45.93333,0,1,0,0
45.95000,0,1,0,0
45.96667,0,1,0,0
45.98333,0,1,0,0
46.00000,0,1,0,0
46.01667,0,1,0,0
46.03333,0,1,0,0
46.05000,0,1,0,0
46.06667,0,1,0,0
46.08333,0,1,0,0
46.10000,0,1,0,0
46.11667,0,1,0,0
46.13333,0,1,0,1
46.15000,0,1,0,1
46.16667,0,1,0,1
46.18333,0,1,0,1
46.20000,0,1,0,1
46.21667,0,1,0,1
46.23333,0,1,0,1
46.25000,0,1,0,1
46.26667,0,1,0,1
46.28333,0,1,0,1
46.30000,0,1,0,1
46.31667,0,1,0,1
46.33333,0,1,0,1
46.35000,0,1,0,1
46.36667,0,1,0,1
46.38333,0,1,0,1
46.40000,0,1,0,1
46.41667,0,1,0,1
46.43333,0,1,0,1
46.45000,0,1,0,1
46.46667,0,1,0,0
46.48333,0,1,0,0
46.50000,0,1,0,0
46.51667,0,0,0,0
46.53333,0,0,0,0
46.55000,0,0,0,0
46.56667,0,0,0,0
46.58333,0,0,0,0
46.60000,0,0,0,0
46.61667,0,0,0,0
46.63333,0,0,0,0
46.65000,0,0,0,0
46.66667,0,0,0,0
46.68333,0,0,0,0
46.70000,1,0,0,0
46.71667,1,0,0,0
46.73333,1,0,0,0
46.75000,1,0,0,0
46.76667,1,0,0,0
46.78333,1,0,0,0
46.80000,1,0,0,0
46.81667,1,0,0,0
46.83333,1,0,0,0
46.85000,1,0,0,0
46.86667,1,0,0,0
46.88333,1,0,1,0
46.90000,1,0,1,0
46.91667,1,0,1,0
46.93333,1,0,1,0
46.95000,1,0,1,0
46.96667,1,0,1,0
46.98333,1,0,1,0
47.00000,1,0,1,0
47.01667,1,0,1,0
47.03333,1,0,1,0
47.05000,1,0,1,0
47.06667,1,0,1,0
47.08333,1,0,1,0
47.10000,1,0,1,0
47.11667,1,0,1,0
47.13333,1,0,1,0
47.15000,1,0,1,0
47.16667,1,0,1,0
47.18333,1,0,1,0
47.20000,1,0,0,0
47.21667,1,0,0,0
47.23333,1,0,0,0
47.25000,1,0,0,0
47.26667,1,0,0,0
47.28333,1,0,0,0
47.30000,1,0,0,0
47.31667,1,0,0,0
47.33333,1,0,0,0
47.35000,1,0,0,0
47.36667,1,0,0,0
47.38333,1,0,0,0
47.40000,1,0,0,0
47.41667,0,0,0,0
47.43333,0,0,0,0
47.45000,0,0,0,0
47.46667,0,0,0,0
47.48333,0,0,0,0
47.50000,0,0,0,0
47.51667,0,0,0,0
47.53333,0,0,0,0
47.55000,0,0,0,0
47.56667,0,0,0,0
47.58333,0,0,0,0
47.60000,0,0,0,0
47.61667,0,0,0,0
47.63333,0,0,0,0
47.65000,0,0,0,0
47.66667,0,0,0,0
47.68333,0,0,0,0
47.70000,0,0,0,0
47.71667,0,0,0,0
47.73333,0,0,0,0
47.75000,0,0,0,0
47.76667,0,0,0,0
47.78333,0,0,0,0
47.80000,0,0,0,0
47.81667,0,0,0,0
47.83333,0,0,0,0
47.85000,0,0,0,0
47.86667,0,0,0,0
47.88333,0,0,0,0
47.90000,0,0,0,0
47.91667,0,0,0,0
47.93333,0,0,0,0
47.95000,0,0,0,0
47.96667,0,0,0,0
47.98333,0,0,0,0
48.00000,0,0,0,0
48.01667,0,0,0,0
48.03333,0,0,0,0
48.05000,0,0,0,0
48.06667,0,0,0,0
48.08333,0,0,0,0
48.10000,0,0,0,0
48.11667,0,0,0,0
48.13333,0,0,0,0
48.15000,0,0,0,0
48.16667,0,0,0,0
48.18333,0,0,0,0
48.20000,0,0,0,0
48.21667,0,0,0,0
48.23333,0,0,0,0
48.25000,0,0,0,0
48.26667,0,0,0,0
48.28333,0,0,0,0
48.30000,0,0,0,0
48.31667,0,0,0,0
48.33333,0,0,0,0
48.35000,0,0,0,0
48.36667,0,0,0,0
48.38333,0,0,0,0
48.40000,0,0,0,0
48.41667,0,0,0,0
48.43333,0,0,0,0
48.45000,0,0,0,0
48.46667,0,0,0,0
48.48333,0,0,0,0
48.50000,0,0,0,0
48.51667,0,0,0,0
48.53333,0,0,0,0
48.55000,0,0,0,0
48.56667,0,0,0,0
48.58333,0,0,0,0
48.60000,0,0,0,0
48.61667,0,0,0,0
48.63333,0,0,0,0
48.65000,0,0,0,0
48.66667,0,0,0,0
48.68333,0,0,0,0
48.70000,0,0,0,0
48.71667,0,0,0,0
48.73333,0,0,0,0
48.75000,0,0,0,0
48.76667,0,0,0,0
48.78333,0,0,0,0
48.80000,0,0,0,0
48.81667,0,0,0,0
48.83333,0,0,0,0
48.85000,0,0,0,0
48.86667,0,0,0,0
48.88333,0,0,0,0
48.90000,0,0,0,0
48.91667,0,0,0,0
48.93333,0,0,0,0
48.95000,0,0,0,0
48.96667,0,0,0,0
48.98333,0,0,0,0
49.00000,0,0,0,0
49.01667,0,0,0,0
49.03333,0,0,0,0
49.05000,0,0,0,0
49.06667,0,0,0,0
49.08333,0,0,0,0
49.10000,0,0,0,0
49.11667,0,0,0,0
49.13333,0,0,0,0
49.15000,0,0,0,0
49.16667,0,0,0,0
49.18333,0,0,0,0
49.20000,0,0,0,0
49.21667,0,0,0,0
49.23333,0,0,0,0
49.25000,0,0,0,0
49.26667,0,0,0,0
49.28333,0,0,0,0
49.30000,0,0,0,0
49.31667,0,0,0,0
49.33333,0,0,0,0
49.35000,0,0,0,0
49.36667,0,0,0,0
49.38333,0,0,0,0
49.40000,0,0,0,0
49.41667,0,0,0,0
49.43333,0,0,0,0
49.45000,0,0,0,0
49.46667,0,0,0,0
49.48333,0,0,0,0
49.50000,0,0,0,0
49.51667,0,0,0,0
49.53333,0,0,0,0
49.55000,0,0,0,0
49.56667,0,0,0,0
49.58333,0,0,0,0
49.60000,0,0,0,0
49.61667,0,0,0,0
49.63333,0,0,0,0
49.65000,0,0,0,0
49.66667,0,0,0,0
49.68333,0,0,0,0
49.70000,0,0,0,0
49.71667,0,0,0,0
49.73333,0,0,0,0
49.75000,0,0,0,0
49.76667,0,0,0,0
49.78333,0,0,0,0
49.80000,0,0,0,0
49.81667,0,0,0,0
49.83333,0,0,0,0
49.85000,0,0,0,0
49.86667,0,0,0,0
49.88333,0,0,0,0
49.90000,0,0,0,0
49.91667,0,0,0,0
49.93333,0,0,0,0
49.95000,0,0,0,0
49.96667,0,0,0,0
49.98333,0,0,0,0
50.00000,0,0,0,0
50.01667,0,0,0,0
50.03333,0,0,0,0
50.05000,0,0,0,0
50.06667,0,0,0,0
50.08333,0,0,0,0
50.10000,0,0,0,0
50.11667,0,0,0,0
50.13333,0,0,0,0
50.15000,0,0,0,0
50.16667,0,0,0,0
50.18333,0,0,0,0
50.20000,0,0,0,0
50.21667,0,0,0,0
50.23333,0,0,0,0
50.25000,0,0,0,0
50.26667,0,0,0,0
50.28333,0,0,0,0
50.30000,0,0,0,0
50.31667,0,0,0,0
50.33333,0,0,0,0
50.35000,0,0,0,0
50.36667,0,0,0,0
50.38333,0,0,0,0
50.40000,0,0,0,0
50.41667,0,0,0,0
50.43333,0,0,0,0
50.45000,0,0,0,0
50.46667,0,0,0,0
50.48333,0,0,0,0
50.50000,0,0,0,0
50.51667,0,0,0,0
50.53333,0,0,0,0
50.55000,0,0,0,0
50.56667,0,0,0,0
50.58333,0,0,0,0
50.60000,0,0,0,0
50.61667,0,0,0,0
50.63333,0,0,0,0
50.65000,0,0,0,0
50.66667,0,0,0,0
50.68333,0,0,0,0
50.70000,0,0,0,0
50.71667,0,0,0,0
50.73333,0,0,0,0
50.75000,0,0,0,0
50.76667,0,0,0,0
50.78333,0,0,0,0
50.80000,0,0,0,0
50.81667,0,0,0,0
50.83333,0,0,0,0
50.85000,0,0,0,0
50.86667,0,0,0,0
50.88333,0,0,0,0
50.90000,0,0,0,0
50.91667,0,0,0,0
50.93333,0,0,0,0
50.95000,0,0,0,0
50.96667,0,0,0,0
50.98333,0,0,0,0
51.00000,0,0,0,0
51.01667,0,0,0,0
51.03333,0,0,0,0
51.05000,0,0,0,0
51.06667,0,0,0,0
51.08333,0,0,0,0
51.10000,0,0,0,0
51.11667,0,0,0,0
51.13333,0,0,0,0
51.15000,0,0,0,0
51.16667,0,0,0,0
51.18333,0,0,0,0
51.20000,0,0,0,0
51.21667,0,0,0,0
51.23333,0,0,0,0
51.25000,0,0,0,0
51.26667,0,0,0,0
51.28333,0,0,0,0
51.30000,0,0,0,0
51.31667,0,0,0,0
51.33333,0,0,0,0
51.35000,0,0,0,0
51.36667,0,0,0,0
51.38333,0,0,0,0
51.40000,0,0,0,0
51.41667,0,0,0,0
51.43333,0,0,0,0
51.45000,0,0,0,0
51.46667,0,0,0,0
51.48333,0,0,0,0
51.50000,0,0,0,0
51.51667,0,0,0,0
51.53333,0,0,0,0
51.55000,0,0,0,0
51.56667,0,0,0,0
51.58333,0,0,0,0
51.60000,0,0,0,0
51.61667,0,0,0,0
51.63333,0,0,0,0
51.65000,0,0,0,0
51.66667,0,0,0,0
51.68333,0,0,0,0
51.70000,0,0,0,0
51.71667,0,0,0,0
51.73333,0,0,0,0
51.75000,0,0,0,0
51.76667,0,0,0,0
51.78333,0,0,0,0
51.80000,0,0,0,0
51.81667,0,0,0,0
51.83333,0,0,0,0
51.85000,0,0,0,0
51.86667,0,0,0,0
51.88333,0,0,0,0
51.90000,0,0,0,0
51.91667,0,0,0,0
51.93333,0,0,0,0
51.95000,0,0,0,0
51.96667,0,0,0,0
51.98333,0,0,0,0
52.00000,0,0,0,0
52.01667,0,0,0,0
52.03333,0,0,0,0
52.05000,0,0,0,0
52.06667,0,0,0,0
52.08333,0,0,0,0
52.10000,0,0,0,0
52.11667,0,0,0,0
52.13333,0,0,0,0
52.15000,0,0,0,0
52.16667,0,0,0,0
52.18333,0,0,0,0
52.20000,0,0,0,0
52.21667,0,0,0,0
52.23333,0,0,0,0
52.25000,0,0,0,0
52.26667,0,0,0,0
52.28333,0,0,0,0
52.30000,0,0,0,0
52.31667,0,0,0,0
52.33333,0,0,0,0
52.35000,0,0,0,0
52.36667,0,0,0,0
52.38333,0,0,0,0
52.40000,0,0,0,0
52.41667,0,0,0,0
52.43333,0,0,0,0
52.45000,0,0,0,0
52.46667,0,0,0,0
52.48333,0,0,0,0
52.50000,0,0,0,0
52.51667,0,0,0,0
52.53333,0,0,0,0
52.55000,0,0,0,0
52.56667,0,0,0,0
52.58333,0,0,0,0
52.60000,0,0,0,0
52.61667,0,0,0,0
52.63333,0,0,0,0
52.65000,0,0,0,0
52.66667,0,0,0,0
52.68333,0,0,0,0
52.70000,0,0,0,0
52.71667,0,0,0,0
52.73333,0,0,0,0
52.75000,0,0,0,0
52.76667,0,0,0,0
52.78333,0,0,0,0
52.80000,0,0,0,0
52.81667,0,0,0,0
52.83333,0,0,0,0
52.85000,0,0,0,0
52.86667,0,0,0,0
52.88333,0,0,0,0
52.90000,0,0,0,0
52.91667,0,0,0,0
52.93333,0,0,0,0
52.95000,0,0,0,0
52.96667,0,0,0,0
52.98333,0,0,0,0
53.00000,0,0,0,0
53.01667,0,0,0,0
53.03333,0,0,0,0
53.05000,0,0,0,0
53.06667,0,0,0,0
53.08333,0,0,0,0
53.10000,0,0,0,0
53.11667,0,0,0,0
53.13333,0,0,0,0
53.15000,0,0,0,0
53.16667,0,0,0,0
53.18333,0,0,0,0
53.20000,0,0,0,0
53.21667,0,0,0,0
53.23333,0,0,0,0
53.25000,0,0,0,0
53.26667,0,0,0,0
53.28333,0,0,0,0
53.30000,0,0,0,0
53.31667,0,0,0,0
53.33333,0,0,0,0
53.35000,0,0,0,0
53.36667,0,0,0,0
53.38333,0,0,0,0
53.40000,0,0,0,0
53.41667,0,0,0,0
53.43333,0,0,0,0
53.45000,0,0,0,0
53.46667,0,0,0,0
53.48333,0,0,0,0
53.50000,0,0,0,0
53.51667,0,0,0,0
53.53333,0,0,0,0
53.55000,0,0,0,0
53.56667,0,0,0,0
53.58333,0,0,0,0
53.60000,0,0,0,0
53.61667,0,0,0,0
53.63333,0,0,0,0
53.65000,0,0,0,0
53.66667,0,0,0,0
53.68333,0,0,0,0
53.70000,0,0,0,0
53.71667,0,0,0,0
53.73333,0,0,0,0
53.75000,0,0,0,0
53.76667,0,0,0,0
53.78333,0,0,0,0
53.80000,0,0,0,0
53.81667,0,0,0,0
53.83333,0,0,0,0
53.85000,0,0,0,0
53.86667,0,0,0,0
53.88333,0,0,0,0
53.90000,0,0,0,0
53.91667,0,0,0,0
53.93333,0,0,0,0
53.95000,0,0,0,0
53.96667,0,0,0,0
53.98333,0,0,0,0
54.00000,0,0,0,0
54.01667,0,0,0,0
54.03333,0,0,0,0
54.05000,0,0,0,0
54.06667,0,0,0,0
54.08333,0,0,0,0
54.10000,0,0,0,0
54.11667,0,0,0,0
54.13333,0,0,0,0
54.15000,0,0,0,0
54.16667,0,0,0,0
54.18333,0,0,0,0
54.20000,0,0,0,0
54.21667,0,0,0,0
54.23333,0,0,0,0
54.25000,0,0,0,0
54.26667,0,0,0,0
54.28333,0,0,0,0
54.30000,0,0,0,0
54.31667,0,0,0,0
54.33333,0,0,0,0
54.35000,0,0,0,0
54.36667,0,0,0,0
54.38333,0,0,0,0
54.40000,0,0,0,0
54.41667,0,0,0,0
54.43333,0,0,0,0
54.45000,0,0,0,0
54.46667,0,0,0,0
54.48333,0,0,0,0
54.50000,0,0,0,0
54.51667,0,0,0,0
54.53333,0,0,0,0
54.55000,0,0,0,0
54.56667,0,0,0,0
54.58333,0,0,0,0
54.60000,0,0,0,0
54.61667,0,0,0,0
54.63333,0,0,0,0
54.65000,0,0,0,0
54.66667,0,0,0,0
54.68333,0,0,0,0
54.70000,0,0,0,0
54.71667,0,0,0,0
54.73333,0,0,0,0
54.75000,0,0,0,0
54.76667,0,0,0,0
54.78333,0,0,0,0
54.80000,0,0,0,0
54.81667,0,0,0,0
54.83333,0,0,0,0
54.85000,0,0,0,0
54.86667,0,0,0,0
54.88333,0,0,0,0
54.90000,0,0,0,0
54.91667,0,0,0,0
54.93333,0,0,0,0
54.95000,0,0,0,0
54.96667,0,0,0,0
54.98333,0,0,0,0
55.00000,0,0,0,0
55.01667,0,0,0,0
55.03333,0,0,0,0
55.05000,0,0,0,0
55.06667,0,0,0,0
55.08333,0,0,0,0
55.10000,0,0,0,0
55.11667,0,0,0,0
55.13333,0,0,0,0
55.15000,0,0,0,0
55.16667,0,0,0,0
55.18333,0,0,0,0
55.20000,0,0,0,0
55.21667,0,0,0,0
55.23333,0,0,0,0
55.25000,0,0,0,0
55.26667,0,0,0,0
55.28333,0,0,0,0
55.30000,0,0,0,0
55.31667,0,0,0,0
55.33333,0,0,0,0
55.35000,0,0,0,0
55.36667,0,0,0,0
55.38333,0,0,0,0
55.40000,0,0,0,0
55.41667,0,0,0,0
55.43333,0,0,0,0
55.45000,0,0,0,0
55.46667,0,0,0,0
55.48333,0,0,0,0
55.50000,0,0,0,0
55.51667,0,0,0,0
55.53333,0,0,0,0
55.55000,0,0,0,0
55.56667,0,0,0,0
55.58333,0,0,0,0
55.60000,0,0,0,0
55.61667,0,0,0,0
55.63333,0,0,0,0
55.65000,0,0,0,0
55.66667,0,0,0,0
55.68333,0,0,0,0
55.70000,0,0,0,0
55.71667,0,0,0,0
55.73333,0,0,0,0
55.75000,0,0,0,0
55.76667,0,0,0,0
55.78333,0,0,0,0
55.80000,0,0,0,0
55.81667,0,0,0,0
55.83333,0,0,0,0
55.85000,0,0,0,0
55.86667,0,0,0,0
55.88333,0,0,0,0
